,index,critic_loss,avg_len,avg_obj,avg_side_effects,dones,run,lambda,time_step
0,0,tensor(0.1199),200.0,2.37,2.32,0,0.0,0.0,1
1,1,tensor(0.1472),200.0,0.52,0.66,0,0.0,0.0,2
2,2,tensor(0.2292),200.0,1.15,0.65,0,0.0,0.0,3
3,3,tensor(0.2414),184.86,3.85,2.41,24,0.0,0.0,4
4,4,tensor(0.4592),137.96,5.28,2.8,65,0.0,0.0,5
5,5,tensor(0.2985),163.28,4.62,2.89,37,0.0,0.0,6
6,6,tensor(0.3008),131.16,5.47,4.31,69,0.0,0.0,7
7,7,tensor(0.5033),104.37,5.68,3.67,80,0.0,0.0,8
8,8,tensor(0.7940),70.37,5.99,3.43,99,0.0,0.0,9
9,9,tensor(0.5751),70.34,6.0,3.63,100,0.0,0.0,10
10,10,tensor(0.6158),57.47,6.0,3.22,100,0.0,0.0,11
11,11,tensor(0.6264),55.78,6.0,3.13,100,0.0,0.0,12
12,12,tensor(0.4848),57.03,6.0,3.53,100,0.0,0.0,13
13,13,tensor(0.4815),53.64,6.0,3.05,100,0.0,0.0,14
14,14,tensor(0.6593),52.0,6.0,3.56,100,0.0,0.0,15
15,15,tensor(0.4051),51.28,6.0,3.18,100,0.0,0.0,16
16,16,tensor(0.5247),50.26,6.0,3.49,100,0.0,0.0,17
17,17,tensor(0.4352),51.81,6.0,3.43,100,0.0,0.0,18
18,18,tensor(0.4314),52.09,6.0,3.23,100,0.0,0.0,19
19,19,tensor(0.4624),48.88,6.0,3.0,100,0.0,0.0,20
20,20,tensor(0.5389),46.77,6.0,3.0,100,0.0,0.0,21
21,21,tensor(0.4376),49.44,6.0,3.26,100,0.0,0.0,22
22,22,tensor(0.4008),49.28,6.0,3.27,100,0.0,0.0,23
23,23,tensor(0.3968),50.1,6.0,3.04,100,0.0,0.0,24
24,24,tensor(0.3666),48.88,6.0,3.03,100,0.0,0.0,25
25,25,tensor(0.4045),48.99,6.0,2.97,100,0.0,0.0,26
26,26,tensor(0.3897),48.51,6.0,2.59,100,0.0,0.0,27
27,27,tensor(0.4094),49.43,6.0,2.87,100,0.0,0.0,28
28,28,tensor(0.4900),49.0,6.0,2.96,100,0.0,0.0,29
29,29,tensor(0.4143),51.22,6.0,3.13,100,0.0,0.0,30
30,30,tensor(0.4133),48.23,6.0,2.69,100,0.0,0.0,31
31,31,tensor(0.4540),48.25,6.0,2.65,100,0.0,0.0,32
32,32,tensor(0.4368),50.97,6.0,3.31,100,0.0,0.0,33
33,33,tensor(0.4032),48.01,6.0,2.98,100,0.0,0.0,34
34,34,tensor(0.3902),47.24,6.0,2.8,100,0.0,0.0,35
35,35,tensor(0.4692),50.3,6.0,2.97,100,0.0,0.0,36
36,36,tensor(0.4167),47.58,6.0,2.94,100,0.0,0.0,37
37,37,tensor(0.4170),47.12,6.0,2.78,100,0.0,0.0,38
38,38,tensor(0.3987),49.28,6.0,3.11,100,0.0,0.0,39
39,39,tensor(0.4368),48.17,6.0,2.92,100,0.0,0.0,40
40,40,tensor(0.3922),49.11,6.0,3.1,100,0.0,0.0,41
41,41,tensor(0.4193),48.63,6.0,2.92,100,0.0,0.0,42
42,42,tensor(0.4172),49.14,6.0,2.99,100,0.0,0.0,43
43,43,tensor(0.4038),49.46,6.0,3.1,100,0.0,0.0,44
44,44,tensor(0.3890),50.82,6.0,3.01,100,0.0,0.0,45
45,45,tensor(0.4344),48.45,6.0,2.96,100,0.0,0.0,46
46,46,tensor(0.5246),44.51,6.0,2.77,100,0.0,0.0,47
47,47,tensor(0.4075),47.55,6.0,2.86,100,0.0,0.0,48
48,48,tensor(0.4142),46.39,6.0,2.97,100,0.0,0.0,49
49,49,tensor(0.4188),47.77,6.0,2.91,100,0.0,0.0,50
50,50,tensor(0.4399),49.38,6.0,3.25,100,0.0,0.0,51
51,51,tensor(0.4318),48.54,6.0,2.96,100,0.0,0.0,52
52,52,tensor(0.4127),46.75,6.0,3.21,100,0.0,0.0,53
53,53,tensor(0.4207),48.06,6.0,2.69,100,0.0,0.0,54
54,54,tensor(0.4639),49.89,6.0,3.26,100,0.0,0.0,55
55,55,tensor(0.4254),49.98,6.0,3.02,100,0.0,0.0,56
56,56,tensor(0.3961),46.37,6.0,2.9,100,0.0,0.0,57
57,57,tensor(0.4448),48.99,6.0,2.82,100,0.0,0.0,58
58,58,tensor(0.4270),46.96,6.0,3.02,100,0.0,0.0,59
59,59,tensor(0.4739),47.43,6.0,3.27,100,0.0,0.0,60
60,60,tensor(0.4459),53.39,6.0,3.54,100,0.0,0.0,61
61,61,tensor(0.4279),48.43,6.0,3.53,100,0.0,0.0,62
62,62,tensor(0.4452),48.46,6.0,3.01,100,0.0,0.0,63
63,63,tensor(0.3878),49.97,6.0,3.65,100,0.0,0.0,64
64,64,tensor(0.4347),48.09,6.0,3.06,100,0.0,0.0,65
65,65,tensor(0.4289),46.62,6.0,3.31,100,0.0,0.0,66
66,66,tensor(0.4188),44.94,6.0,3.25,100,0.0,0.0,67
67,67,tensor(0.4075),47.55,6.0,3.36,100,0.0,0.0,68
68,68,tensor(0.3907),49.63,6.0,3.49,100,0.0,0.0,69
69,69,tensor(0.4288),48.48,6.0,3.37,100,0.0,0.0,70
70,70,tensor(0.3718),51.2,6.0,3.69,100,0.0,0.0,71
71,71,tensor(0.4392),49.63,6.0,3.32,100,0.0,0.0,72
72,72,tensor(0.3850),54.66,6.0,3.56,100,0.0,0.0,73
73,73,tensor(0.4691),52.37,6.0,3.56,100,0.0,0.0,74
74,74,tensor(0.4195),52.3,6.0,3.28,100,0.0,0.0,75
75,75,tensor(0.5994),56.76,6.0,3.52,100,0.0,0.0,76
76,76,tensor(0.4151),49.23,6.0,3.35,100,0.0,0.0,77
77,77,tensor(0.4556),49.87,6.0,3.36,100,0.0,0.0,78
78,78,tensor(0.4422),48.89,6.0,3.49,100,0.0,0.0,79
79,79,tensor(0.3664),51.49,6.0,3.28,100,0.0,0.0,80
80,80,tensor(0.3884),49.0,6.0,3.01,100,0.0,0.0,81
81,81,tensor(0.4102),50.1,6.0,3.23,100,0.0,0.0,82
82,82,tensor(0.4255),48.94,6.0,3.31,100,0.0,0.0,83
83,83,tensor(0.5190),53.78,5.99,3.25,99,0.0,0.0,84
84,84,tensor(0.3915),48.8,6.0,3.27,100,0.0,0.0,85
85,85,tensor(0.3747),51.04,6.0,3.0,100,0.0,0.0,86
86,86,tensor(0.3897),47.86,6.0,3.2,100,0.0,0.0,87
87,87,tensor(0.4114),49.96,6.0,3.25,100,0.0,0.0,88
88,88,tensor(0.3855),51.59,6.0,3.21,100,0.0,0.0,89
89,89,tensor(0.4289),48.3,6.0,2.67,100,0.0,0.0,90
90,90,tensor(0.3911),49.76,6.0,2.98,100,0.0,0.0,91
91,91,tensor(0.3839),52.0,6.0,3.25,100,0.0,0.0,92
92,92,tensor(0.3815),52.51,6.0,3.12,100,0.0,0.0,93
93,93,tensor(0.4522),50.23,6.0,3.11,100,0.0,0.0,94
94,94,tensor(0.4604),48.76,6.0,2.71,100,0.0,0.0,95
95,95,tensor(0.4268),49.55,6.0,2.76,100,0.0,0.0,96
96,96,tensor(0.3952),49.14,6.0,2.93,100,0.0,0.0,97
97,97,tensor(0.4353),47.37,6.0,2.79,100,0.0,0.0,98
98,98,tensor(0.4268),48.65,6.0,2.68,100,0.0,0.0,99
99,99,tensor(0.4114),48.44,6.0,2.77,100,0.0,0.0,100
100,0,tensor(0.2669),200.0,0.35,0.71,0,0.0,0.5,1
101,1,tensor(0.1094),200.0,0.31,0.61,0,0.0,0.5,2
102,2,tensor(0.1524),199.32,2.27,0.82,1,0.0,0.5,3
103,3,tensor(0.4818),161.77,4.69,3.86,45,0.0,0.5,4
104,4,tensor(0.2639),188.55,3.31,2.36,14,0.0,0.5,5
105,5,tensor(0.6583),81.53,6.0,5.01,100,0.0,0.5,6
106,6,tensor(1.0381),65.72,6.0,3.37,100,0.0,0.5,7
107,7,tensor(0.6117),68.18,6.0,3.7,100,0.0,0.5,8
108,8,tensor(0.8282),59.11,6.0,2.79,100,0.0,0.5,9
109,9,tensor(0.5319),57.98,6.0,2.38,100,0.0,0.5,10
110,10,tensor(0.6867),56.63,6.0,2.57,100,0.0,0.5,11
111,11,tensor(0.4790),54.8,6.0,2.58,100,0.0,0.5,12
112,12,tensor(0.5619),52.75,6.0,2.98,100,0.0,0.5,13
113,13,tensor(0.4697),51.73,6.0,2.59,100,0.0,0.5,14
114,14,tensor(0.6743),49.4,6.0,2.44,100,0.0,0.5,15
115,15,tensor(0.5487),50.29,6.0,2.44,100,0.0,0.5,16
116,16,tensor(0.4459),52.73,6.0,2.78,100,0.0,0.5,17
117,17,tensor(0.5200),52.75,6.0,2.76,100,0.0,0.5,18
118,18,tensor(0.5183),50.88,6.0,2.5,100,0.0,0.5,19
119,19,tensor(0.5019),51.76,6.0,2.21,100,0.0,0.5,20
120,20,tensor(0.5250),50.7,6.0,2.27,100,0.0,0.5,21
121,21,tensor(0.5596),53.72,6.0,2.09,100,0.0,0.5,22
122,22,tensor(0.4909),51.13,6.0,1.95,100,0.0,0.5,23
123,23,tensor(0.5276),50.35,6.0,2.05,100,0.0,0.5,24
124,24,tensor(0.5659),48.07,6.0,1.84,100,0.0,0.5,25
125,25,tensor(0.5293),51.23,6.0,2.27,100,0.0,0.5,26
126,26,tensor(0.4798),49.59,6.0,2.09,100,0.0,0.5,27
127,27,tensor(0.4799),53.72,6.0,2.5,100,0.0,0.5,28
128,28,tensor(0.4965),50.73,6.0,2.18,100,0.0,0.5,29
129,29,tensor(0.5926),50.17,6.0,1.73,100,0.0,0.5,30
130,30,tensor(0.4718),49.57,6.0,1.71,100,0.0,0.5,31
131,31,tensor(0.6314),53.49,6.0,2.16,100,0.0,0.5,32
132,32,tensor(0.4716),51.28,6.0,1.8,100,0.0,0.5,33
133,33,tensor(0.5521),50.72,6.0,2.01,100,0.0,0.5,34
134,34,tensor(0.5109),52.38,6.0,2.01,100,0.0,0.5,35
135,35,tensor(0.5229),50.55,6.0,2.23,100,0.0,0.5,36
136,36,tensor(0.5266),50.95,6.0,2.09,100,0.0,0.5,37
137,37,tensor(0.5023),48.54,6.0,2.04,100,0.0,0.5,38
138,38,tensor(0.4607),47.12,6.0,1.98,100,0.0,0.5,39
139,39,tensor(0.5222),47.32,6.0,1.95,100,0.0,0.5,40
140,40,tensor(0.4949),47.82,6.0,1.83,100,0.0,0.5,41
141,41,tensor(0.5332),48.49,6.0,2.13,100,0.0,0.5,42
142,42,tensor(0.4848),48.97,6.0,2.42,100,0.0,0.5,43
143,43,tensor(0.4774),48.6,6.0,2.32,100,0.0,0.5,44
144,44,tensor(0.5024),49.82,6.0,2.04,100,0.0,0.5,45
145,45,tensor(0.5298),45.15,6.0,1.91,100,0.0,0.5,46
146,46,tensor(0.4375),47.02,6.0,2.17,100,0.0,0.5,47
147,47,tensor(0.5435),56.16,6.0,2.33,100,0.0,0.5,48
148,48,tensor(0.4519),51.78,6.0,2.17,100,0.0,0.5,49
149,49,tensor(0.4297),52.36,6.0,2.62,100,0.0,0.5,50
150,50,tensor(0.4756),50.84,6.0,2.29,100,0.0,0.5,51
151,51,tensor(0.5046),50.06,6.0,2.12,100,0.0,0.5,52
152,52,tensor(0.4834),52.33,6.0,2.1,100,0.0,0.5,53
153,53,tensor(0.4768),47.1,6.0,1.96,100,0.0,0.5,54
154,54,tensor(0.4851),50.78,6.0,2.35,100,0.0,0.5,55
155,55,tensor(0.4965),48.92,6.0,2.07,100,0.0,0.5,56
156,56,tensor(0.5459),49.59,6.0,2.05,100,0.0,0.5,57
157,57,tensor(0.5243),47.79,6.0,1.94,100,0.0,0.5,58
158,58,tensor(0.4807),45.69,6.0,1.83,100,0.0,0.5,59
159,59,tensor(0.4930),48.1,6.0,2.19,100,0.0,0.5,60
160,60,tensor(0.5161),48.98,6.0,2.11,100,0.0,0.5,61
161,61,tensor(0.5453),47.58,6.0,2.09,100,0.0,0.5,62
162,62,tensor(0.4904),49.9,6.0,2.11,100,0.0,0.5,63
163,63,tensor(0.5200),48.29,6.0,2.13,100,0.0,0.5,64
164,64,tensor(0.4442),48.42,6.0,2.06,100,0.0,0.5,65
165,65,tensor(0.4692),48.33,6.0,2.17,100,0.0,0.5,66
166,66,tensor(0.5084),48.65,6.0,2.1,100,0.0,0.5,67
167,67,tensor(0.4795),48.6,6.0,2.04,100,0.0,0.5,68
168,68,tensor(0.4882),47.25,6.0,2.27,100,0.0,0.5,69
169,69,tensor(0.4703),47.88,6.0,2.03,100,0.0,0.5,70
170,70,tensor(0.5059),49.27,6.0,2.14,100,0.0,0.5,71
171,71,tensor(0.4979),48.62,6.0,2.26,100,0.0,0.5,72
172,72,tensor(0.5317),48.77,6.0,1.93,100,0.0,0.5,73
173,73,tensor(0.4870),51.52,6.0,1.95,100,0.0,0.5,74
174,74,tensor(0.4580),51.3,6.0,2.04,100,0.0,0.5,75
175,75,tensor(0.4971),49.29,6.0,1.83,100,0.0,0.5,76
176,76,tensor(0.5176),45.73,6.0,1.74,100,0.0,0.5,77
177,77,tensor(0.5498),50.49,6.0,2.01,100,0.0,0.5,78
178,78,tensor(0.5097),50.44,6.0,2.11,100,0.0,0.5,79
179,79,tensor(0.4968),48.81,6.0,2.03,100,0.0,0.5,80
180,80,tensor(0.4617),47.62,6.0,1.99,100,0.0,0.5,81
181,81,tensor(0.4483),48.58,6.0,2.0,100,0.0,0.5,82
182,82,tensor(0.4909),45.79,6.0,2.0,100,0.0,0.5,83
183,83,tensor(0.5070),46.9,6.0,1.82,100,0.0,0.5,84
184,84,tensor(0.4923),45.87,6.0,2.01,100,0.0,0.5,85
185,85,tensor(0.5473),49.14,6.0,2.24,100,0.0,0.5,86
186,86,tensor(0.5088),49.72,6.0,2.02,100,0.0,0.5,87
187,87,tensor(0.4852),46.36,6.0,2.3,100,0.0,0.5,88
188,88,tensor(0.4679),47.72,6.0,2.15,100,0.0,0.5,89
189,89,tensor(0.5845),48.86,6.0,2.01,100,0.0,0.5,90
190,90,tensor(0.4363),47.86,6.0,2.29,100,0.0,0.5,91
191,91,tensor(0.6096),47.91,6.0,2.17,100,0.0,0.5,92
192,92,tensor(0.4474),48.53,6.0,2.13,100,0.0,0.5,93
193,93,tensor(0.4366),48.38,6.0,2.12,100,0.0,0.5,94
194,94,tensor(0.4863),48.37,6.0,2.11,100,0.0,0.5,95
195,95,tensor(0.5044),48.75,6.0,1.98,100,0.0,0.5,96
196,96,tensor(0.5093),47.6,6.0,2.26,100,0.0,0.5,97
197,97,tensor(0.4954),47.78,6.0,2.3,100,0.0,0.5,98
198,98,tensor(0.4156),47.94,6.0,2.09,100,0.0,0.5,99
199,99,tensor(0.4594),45.55,6.0,1.75,100,0.0,0.5,100
200,0,tensor(0.2269),200.0,0.29,0.78,0,0.0,1.0,1
201,1,tensor(0.2243),200.0,0.33,0.63,0,0.0,1.0,2
202,2,tensor(0.2534),200.0,0.98,0.82,0,0.0,1.0,3
203,3,tensor(0.2766),193.37,3.09,2.86,7,0.0,1.0,4
204,4,tensor(0.4646),185.57,4.06,3.25,15,0.0,1.0,5
205,5,tensor(0.4967),175.4,4.26,1.96,24,0.0,1.0,6
206,6,tensor(0.4903),157.79,4.95,1.96,46,0.0,1.0,7
207,7,tensor(0.6126),135.72,5.3,1.38,58,0.0,1.0,8
208,8,tensor(0.9618),156.2,5.03,2.28,47,0.0,1.0,9
209,9,tensor(0.5945),116.01,5.74,1.0,82,0.0,1.0,10
210,10,tensor(0.7783),112.75,5.64,1.04,79,0.0,1.0,11
211,11,tensor(0.7360),112.87,5.62,2.08,78,0.0,1.0,12
212,12,tensor(0.8245),101.6,5.78,0.96,85,0.0,1.0,13
213,13,tensor(0.7748),99.03,5.77,1.0,87,0.0,1.0,14
214,14,tensor(0.7864),99.53,5.88,0.82,93,0.0,1.0,15
215,15,tensor(0.8102),84.09,5.95,1.1,98,0.0,1.0,16
216,16,tensor(0.5844),74.26,5.99,0.81,99,0.0,1.0,17
217,17,tensor(1.0263),74.05,5.99,1.02,99,0.0,1.0,18
218,18,tensor(0.6124),76.35,6.0,0.9,100,0.0,1.0,19
219,19,tensor(0.6630),69.67,5.99,1.33,99,0.0,1.0,20
220,20,tensor(0.7247),64.68,6.0,1.62,100,0.0,1.0,21
221,21,tensor(0.7243),60.36,6.0,1.54,100,0.0,1.0,22
222,22,tensor(0.8530),58.99,6.0,1.84,100,0.0,1.0,23
223,23,tensor(0.9191),60.15,6.0,1.64,100,0.0,1.0,24
224,24,tensor(0.7779),59.82,6.0,1.5,100,0.0,1.0,25
225,25,tensor(0.6471),59.48,6.0,1.31,100,0.0,1.0,26
226,26,tensor(0.6563),61.61,6.0,1.72,100,0.0,1.0,27
227,27,tensor(0.6829),60.29,6.0,1.63,100,0.0,1.0,28
228,28,tensor(0.7497),57.82,6.0,1.64,100,0.0,1.0,29
229,29,tensor(0.8518),60.36,6.0,1.89,100,0.0,1.0,30
230,30,tensor(0.8179),60.14,6.0,1.63,100,0.0,1.0,31
231,31,tensor(0.6515),63.11,6.0,1.56,100,0.0,1.0,32
232,32,tensor(0.7495),61.26,6.0,1.27,100,0.0,1.0,33
233,33,tensor(0.7220),57.83,6.0,1.3,100,0.0,1.0,34
234,34,tensor(0.7159),53.89,6.0,1.7,100,0.0,1.0,35
235,35,tensor(0.8034),58.51,6.0,1.44,100,0.0,1.0,36
236,36,tensor(0.7666),58.59,6.0,1.74,100,0.0,1.0,37
237,37,tensor(0.8778),55.84,6.0,1.93,100,0.0,1.0,38
238,38,tensor(0.6673),55.36,6.0,1.53,100,0.0,1.0,39
239,39,tensor(0.7158),54.71,6.0,1.74,100,0.0,1.0,40
240,40,tensor(0.7230),56.1,6.0,1.6,100,0.0,1.0,41
241,41,tensor(0.8045),52.83,6.0,1.79,100,0.0,1.0,42
242,42,tensor(0.7227),57.21,6.0,1.77,100,0.0,1.0,43
243,43,tensor(0.7308),55.77,6.0,2.06,100,0.0,1.0,44
244,44,tensor(0.6360),59.12,6.0,1.41,100,0.0,1.0,45
245,45,tensor(0.8239),62.64,6.0,1.46,100,0.0,1.0,46
246,46,tensor(0.8268),59.98,5.99,1.34,99,0.0,1.0,47
247,47,tensor(0.9623),58.06,6.0,1.48,100,0.0,1.0,48
248,48,tensor(0.8604),57.73,6.0,1.61,100,0.0,1.0,49
249,49,tensor(0.7073),52.94,6.0,1.49,100,0.0,1.0,50
250,50,tensor(0.6422),57.18,6.0,1.9,100,0.0,1.0,51
251,51,tensor(0.7233),58.95,6.0,1.61,100,0.0,1.0,52
252,52,tensor(0.7858),52.86,6.0,1.36,100,0.0,1.0,53
253,53,tensor(0.7616),53.61,6.0,1.65,100,0.0,1.0,54
254,54,tensor(0.6427),50.66,6.0,1.5,100,0.0,1.0,55
255,55,tensor(0.6810),53.83,6.0,1.29,100,0.0,1.0,56
256,56,tensor(0.7940),54.94,6.0,1.31,100,0.0,1.0,57
257,57,tensor(0.6940),53.32,6.0,1.46,100,0.0,1.0,58
258,58,tensor(0.7302),58.0,5.97,1.53,99,0.0,1.0,59
259,59,tensor(0.8063),51.94,6.0,1.35,100,0.0,1.0,60
260,60,tensor(0.7385),53.09,6.0,1.13,100,0.0,1.0,61
261,61,tensor(0.6841),54.95,6.0,1.48,100,0.0,1.0,62
262,62,tensor(0.8128),54.93,6.0,1.42,100,0.0,1.0,63
263,63,tensor(0.7163),56.13,6.0,1.55,100,0.0,1.0,64
264,64,tensor(0.6794),55.5,6.0,1.59,100,0.0,1.0,65
265,65,tensor(0.6862),52.02,6.0,1.41,100,0.0,1.0,66
266,66,tensor(0.9166),54.16,6.0,1.49,100,0.0,1.0,67
267,67,tensor(0.8205),55.13,6.0,1.36,100,0.0,1.0,68
268,68,tensor(0.8251),54.36,6.0,1.37,100,0.0,1.0,69
269,69,tensor(0.8585),51.82,6.0,1.11,100,0.0,1.0,70
270,70,tensor(0.7607),56.59,6.0,1.45,100,0.0,1.0,71
271,71,tensor(0.6845),53.09,6.0,1.22,100,0.0,1.0,72
272,72,tensor(0.7831),53.26,6.0,1.47,100,0.0,1.0,73
273,73,tensor(0.7126),54.69,6.0,1.29,100,0.0,1.0,74
274,74,tensor(0.7696),51.32,6.0,1.35,100,0.0,1.0,75
275,75,tensor(0.6232),48.94,6.0,1.34,100,0.0,1.0,76
276,76,tensor(0.7461),54.84,6.0,1.61,100,0.0,1.0,77
277,77,tensor(0.7393),58.02,6.0,1.64,100,0.0,1.0,78
278,78,tensor(0.7896),51.48,6.0,1.48,100,0.0,1.0,79
279,79,tensor(0.7743),55.66,6.0,1.8,100,0.0,1.0,80
280,80,tensor(0.7023),53.82,6.0,1.47,100,0.0,1.0,81
281,81,tensor(0.6390),54.75,6.0,1.51,100,0.0,1.0,82
282,82,tensor(0.7865),55.85,6.0,1.28,100,0.0,1.0,83
283,83,tensor(0.7346),54.85,6.0,1.36,100,0.0,1.0,84
284,84,tensor(0.8483),55.77,6.0,1.45,100,0.0,1.0,85
285,85,tensor(0.7127),52.81,6.0,1.34,100,0.0,1.0,86
286,86,tensor(0.8250),52.87,6.0,1.47,100,0.0,1.0,87
287,87,tensor(0.7654),52.04,6.0,1.6,100,0.0,1.0,88
288,88,tensor(0.6454),51.28,6.0,1.6,100,0.0,1.0,89
289,89,tensor(0.7189),57.64,6.0,1.46,100,0.0,1.0,90
290,90,tensor(0.6739),53.63,6.0,1.3,100,0.0,1.0,91
291,91,tensor(0.7080),52.15,6.0,1.26,100,0.0,1.0,92
292,92,tensor(0.7041),61.75,6.0,1.42,100,0.0,1.0,93
293,93,tensor(0.6994),57.46,6.0,1.47,100,0.0,1.0,94
294,94,tensor(0.8406),54.69,6.0,1.67,100,0.0,1.0,95
295,95,tensor(0.6534),50.26,6.0,1.44,100,0.0,1.0,96
296,96,tensor(0.6707),56.88,6.0,1.65,100,0.0,1.0,97
297,97,tensor(0.6952),53.79,6.0,1.39,100,0.0,1.0,98
298,98,tensor(0.6875),58.51,6.0,1.3,100,0.0,1.0,99
299,99,tensor(0.6787),55.87,6.0,1.55,100,0.0,1.0,100
300,0,tensor(0.2536),200.0,0.33,0.58,0,0.0,1.5,1
301,1,tensor(0.3144),200.0,0.26,0.44,0,0.0,1.5,2
302,2,tensor(0.2485),200.0,0.27,0.45,0,0.0,1.5,3
303,3,tensor(0.2356),200.0,0.26,0.67,0,0.0,1.5,4
304,4,tensor(0.4044),200.0,0.28,0.64,0,0.0,1.5,5
305,5,tensor(0.7510),197.92,3.36,3.79,6,0.0,1.5,6
306,6,tensor(0.4093),196.08,2.84,3.04,5,0.0,1.5,7
307,7,tensor(0.3802),196.41,3.07,2.2,7,0.0,1.5,8
308,8,tensor(0.3938),190.94,3.51,1.82,9,0.0,1.5,9
309,9,tensor(0.8159),186.61,4.31,1.58,19,0.0,1.5,10
310,10,tensor(0.3935),178.58,4.56,1.46,33,0.0,1.5,11
311,11,tensor(0.4407),180.48,4.18,1.55,22,0.0,1.5,12
312,12,tensor(0.5886),174.93,4.56,1.59,30,0.0,1.5,13
313,13,tensor(0.5687),177.41,4.32,0.8,23,0.0,1.5,14
314,14,tensor(0.6310),167.77,4.92,0.61,44,0.0,1.5,15
315,15,tensor(0.4951),159.45,5.06,0.59,48,0.0,1.5,16
316,16,tensor(0.9611),124.57,5.65,0.51,81,0.0,1.5,17
317,17,tensor(0.8063),136.47,5.52,0.5,73,0.0,1.5,18
318,18,tensor(0.9040),124.12,5.65,0.38,79,0.0,1.5,19
319,19,tensor(0.6495),123.49,5.75,0.58,86,0.0,1.5,20
320,20,tensor(0.6582),121.48,5.66,0.5,82,0.0,1.5,21
321,21,tensor(0.8846),117.81,5.67,0.43,79,0.0,1.5,22
322,22,tensor(0.7305),117.55,5.76,0.6,88,0.0,1.5,23
323,23,tensor(0.7701),113.57,5.78,0.47,86,0.0,1.5,24
324,24,tensor(0.8898),114.27,5.75,0.49,84,0.0,1.5,25
325,25,tensor(0.9146),114.1,5.74,0.62,84,0.0,1.5,26
326,26,tensor(1.0318),110.89,5.88,0.58,92,0.0,1.5,27
327,27,tensor(1.0368),105.81,5.81,0.63,91,0.0,1.5,28
328,28,tensor(0.9181),112.25,5.85,0.66,89,0.0,1.5,29
329,29,tensor(1.1110),103.37,5.91,0.72,94,0.0,1.5,30
330,30,tensor(1.0172),106.04,5.85,0.66,90,0.0,1.5,31
331,31,tensor(0.7674),100.18,5.94,0.88,95,0.0,1.5,32
332,32,tensor(0.9987),100.22,5.9,0.51,93,0.0,1.5,33
333,33,tensor(0.8992),106.21,5.87,0.5,91,0.0,1.5,34
334,34,tensor(1.0508),101.56,5.87,0.65,91,0.0,1.5,35
335,35,tensor(0.7073),103.2,5.78,0.56,88,0.0,1.5,36
336,36,tensor(1.0854),107.78,5.92,0.62,93,0.0,1.5,37
337,37,tensor(0.8288),91.48,5.91,0.67,94,0.0,1.5,38
338,38,tensor(0.9331),107.84,5.92,0.62,93,0.0,1.5,39
339,39,tensor(1.0051),102.19,5.9,0.72,94,0.0,1.5,40
340,40,tensor(0.8336),108.96,5.8,0.68,87,0.0,1.5,41
341,41,tensor(0.9475),104.77,5.75,0.64,83,0.0,1.5,42
342,42,tensor(0.8041),108.26,5.81,0.9,89,0.0,1.5,43
343,43,tensor(0.8650),114.16,5.75,0.78,86,0.0,1.5,44
344,44,tensor(0.8587),119.16,5.72,0.8,80,0.0,1.5,45
345,45,tensor(1.0181),108.02,5.83,0.48,89,0.0,1.5,46
346,46,tensor(0.7051),102.2,5.81,0.5,86,0.0,1.5,47
347,47,tensor(0.6680),107.53,5.81,0.64,89,0.0,1.5,48
348,48,tensor(1.0882),100.37,5.89,0.58,92,0.0,1.5,49
349,49,tensor(0.7464),102.68,5.88,0.49,93,0.0,1.5,50
350,50,tensor(0.7952),107.91,5.89,0.61,91,0.0,1.5,51
351,51,tensor(1.4153),101.71,5.8,0.58,88,0.0,1.5,52
352,52,tensor(0.9950),104.26,5.9,0.56,91,0.0,1.5,53
353,53,tensor(1.0128),102.78,5.91,0.51,94,0.0,1.5,54
354,54,tensor(0.9934),99.71,5.87,0.53,92,0.0,1.5,55
355,55,tensor(0.7797),103.3,5.87,0.66,92,0.0,1.5,56
356,56,tensor(0.8369),101.76,5.87,0.56,91,0.0,1.5,57
357,57,tensor(0.9096),102.38,5.8,0.71,86,0.0,1.5,58
358,58,tensor(0.9515),102.21,5.83,0.51,89,0.0,1.5,59
359,59,tensor(0.9775),107.37,5.88,0.55,91,0.0,1.5,60
360,60,tensor(0.7891),117.19,5.78,0.53,87,0.0,1.5,61
361,61,tensor(0.7078),108.97,5.84,0.6,88,0.0,1.5,62
362,62,tensor(0.7754),117.16,5.74,0.57,82,0.0,1.5,63
363,63,tensor(0.9788),109.87,5.88,0.51,91,0.0,1.5,64
364,64,tensor(0.8694),114.0,5.78,0.5,79,0.0,1.5,65
365,65,tensor(0.7810),103.01,5.81,0.53,87,0.0,1.5,66
366,66,tensor(0.7904),99.24,5.89,0.46,92,0.0,1.5,67
367,67,tensor(0.9760),100.28,5.9,0.48,92,0.0,1.5,68
368,68,tensor(1.0177),97.87,5.87,0.35,89,0.0,1.5,69
369,69,tensor(0.8730),107.69,5.79,0.43,89,0.0,1.5,70
370,70,tensor(0.7793),97.02,5.93,0.39,95,0.0,1.5,71
371,71,tensor(0.9249),107.41,5.84,0.39,90,0.0,1.5,72
372,72,tensor(0.9122),104.02,5.84,0.37,90,0.0,1.5,73
373,73,tensor(0.9932),106.26,5.85,0.49,89,0.0,1.5,74
374,74,tensor(0.9041),102.62,5.81,0.32,90,0.0,1.5,75
375,75,tensor(0.9869),104.23,5.87,0.24,92,0.0,1.5,76
376,76,tensor(1.0046),99.51,5.79,0.27,85,0.0,1.5,77
377,77,tensor(0.8825),100.12,5.9,0.31,94,0.0,1.5,78
378,78,tensor(0.8501),95.09,5.88,0.29,93,0.0,1.5,79
379,79,tensor(0.9574),97.46,5.89,0.28,90,0.0,1.5,80
380,80,tensor(0.8276),105.73,5.75,0.29,87,0.0,1.5,81
381,81,tensor(0.9448),99.79,5.85,0.35,92,0.0,1.5,82
382,82,tensor(0.9560),100.27,5.87,0.28,93,0.0,1.5,83
383,83,tensor(1.0794),103.61,5.81,0.4,87,0.0,1.5,84
384,84,tensor(0.9314),95.26,5.85,0.33,89,0.0,1.5,85
385,85,tensor(0.8803),103.08,5.94,0.52,96,0.0,1.5,86
386,86,tensor(0.8344),98.4,5.91,0.41,93,0.0,1.5,87
387,87,tensor(0.8646),99.04,5.88,0.43,92,0.0,1.5,88
388,88,tensor(1.0413),93.56,5.91,0.39,92,0.0,1.5,89
389,89,tensor(0.8886),92.05,5.9,0.45,96,0.0,1.5,90
390,90,tensor(0.8564),92.66,5.93,0.5,97,0.0,1.5,91
391,91,tensor(0.9884),91.88,5.92,0.36,95,0.0,1.5,92
392,92,tensor(0.8543),85.89,5.94,0.42,96,0.0,1.5,93
393,93,tensor(1.1105),87.87,5.92,0.3,96,0.0,1.5,94
394,94,tensor(1.0100),88.52,5.94,0.41,96,0.0,1.5,95
395,95,tensor(0.9038),98.96,5.87,0.42,92,0.0,1.5,96
396,96,tensor(0.9981),89.97,5.94,0.35,97,0.0,1.5,97
397,97,tensor(1.0556),95.78,5.94,0.48,95,0.0,1.5,98
398,98,tensor(1.0294),97.04,5.92,0.34,94,0.0,1.5,99
399,99,tensor(0.9049),94.03,5.91,0.39,93,0.0,1.5,100
400,0,tensor(0.9212),200.0,0.28,0.6,0,0.0,2.0,1
401,1,tensor(0.4094),199.56,1.26,0.29,1,0.0,2.0,2
402,2,tensor(1.1990),200.0,0.36,0.62,0,0.0,2.0,3
403,3,tensor(0.8849),200.0,0.34,0.59,0,0.0,2.0,4
404,4,tensor(0.5035),200.0,1.8,1.66,0,0.0,2.0,5
405,5,tensor(0.6118),200.0,2.06,2.85,0,0.0,2.0,6
406,6,tensor(1.6066),200.0,2.14,2.55,0,0.0,2.0,7
407,7,tensor(1.4336),192.39,3.62,1.79,9,0.0,2.0,8
408,8,tensor(0.9116),188.3,3.85,1.93,18,0.0,2.0,9
409,9,tensor(2.0121),161.47,5.2,0.73,52,0.0,2.0,10
410,10,tensor(1.4824),155.86,4.9,0.76,57,0.0,2.0,11
411,11,tensor(1.9795),144.37,5.23,0.7,66,0.0,2.0,12
412,12,tensor(1.3999),131.26,5.49,0.88,74,0.0,2.0,13
413,13,tensor(1.9301),122.35,5.81,0.83,87,0.0,2.0,14
414,14,tensor(1.5539),117.1,5.76,0.56,87,0.0,2.0,15
415,15,tensor(1.5325),101.91,5.95,0.38,96,0.0,2.0,16
416,16,tensor(2.1361),95.62,5.93,0.3,96,0.0,2.0,17
417,17,tensor(1.2880),110.01,5.85,0.24,92,0.0,2.0,18
418,18,tensor(1.1059),106.71,5.89,0.3,93,0.0,2.0,19
419,19,tensor(0.8953),104.83,5.94,0.25,95,0.0,2.0,20
420,20,tensor(1.4536),95.39,5.95,0.39,97,0.0,2.0,21
421,21,tensor(1.3371),107.59,5.82,0.36,87,0.0,2.0,22
422,22,tensor(1.4382),93.3,5.96,0.32,98,0.0,2.0,23
423,23,tensor(1.3503),117.74,5.78,0.28,86,0.0,2.0,24
424,24,tensor(1.1210),95.14,5.94,0.28,97,0.0,2.0,25
425,25,tensor(1.7216),100.29,5.93,0.34,94,0.0,2.0,26
426,26,tensor(1.5276),100.98,5.89,0.36,94,0.0,2.0,27
427,27,tensor(1.3491),102.78,5.94,0.34,95,0.0,2.0,28
428,28,tensor(1.3024),101.44,5.91,0.18,94,0.0,2.0,29
429,29,tensor(1.0269),97.98,5.88,0.32,91,0.0,2.0,30
430,30,tensor(1.3778),100.49,5.87,0.44,93,0.0,2.0,31
431,31,tensor(1.5462),97.01,5.9,0.44,93,0.0,2.0,32
432,32,tensor(1.0990),96.71,5.92,0.5,96,0.0,2.0,33
433,33,tensor(0.9561),105.53,5.85,0.46,90,0.0,2.0,34
434,34,tensor(1.1444),105.6,5.82,0.45,87,0.0,2.0,35
435,35,tensor(1.5505),111.24,5.93,0.33,94,0.0,2.0,36
436,36,tensor(1.2479),106.37,5.86,0.44,91,0.0,2.0,37
437,37,tensor(0.9004),114.86,5.85,0.36,91,0.0,2.0,38
438,38,tensor(1.1491),107.29,5.91,0.41,93,0.0,2.0,39
439,39,tensor(1.3087),122.61,5.76,0.63,85,0.0,2.0,40
440,40,tensor(1.1793),116.94,5.7,0.64,84,0.0,2.0,41
441,41,tensor(1.0396),117.07,5.68,0.49,82,0.0,2.0,42
442,42,tensor(1.0610),130.08,5.57,0.44,77,0.0,2.0,43
443,43,tensor(0.9039),121.05,5.76,0.44,81,0.0,2.0,44
444,44,tensor(1.2262),120.64,5.77,0.29,87,0.0,2.0,45
445,45,tensor(1.0933),105.98,5.85,0.33,93,0.0,2.0,46
446,46,tensor(1.2326),122.21,5.66,0.49,81,0.0,2.0,47
447,47,tensor(1.0299),122.5,5.77,0.46,83,0.0,2.0,48
448,48,tensor(1.3472),112.45,5.81,0.63,87,0.0,2.0,49
449,49,tensor(0.9396),124.38,5.63,0.79,78,0.0,2.0,50
450,50,tensor(1.3308),127.28,5.6,0.51,72,0.0,2.0,51
451,51,tensor(1.3872),114.7,5.76,0.39,81,0.0,2.0,52
452,52,tensor(1.6240),125.09,5.67,0.55,80,0.0,2.0,53
453,53,tensor(0.9531),126.46,5.71,0.45,80,0.0,2.0,54
454,54,tensor(1.2357),120.63,5.63,0.3,82,0.0,2.0,55
455,55,tensor(1.0617),112.46,5.77,0.37,86,0.0,2.0,56
456,56,tensor(1.4164),111.55,5.79,0.3,87,0.0,2.0,57
457,57,tensor(1.2891),111.05,5.83,0.41,87,0.0,2.0,58
458,58,tensor(0.9963),114.97,5.78,0.41,84,0.0,2.0,59
459,59,tensor(1.4882),120.84,5.78,0.32,84,0.0,2.0,60
460,60,tensor(1.3543),119.41,5.79,0.54,87,0.0,2.0,61
461,61,tensor(1.0167),121.15,5.84,0.45,87,0.0,2.0,62
462,62,tensor(1.0444),122.59,5.62,0.45,78,0.0,2.0,63
463,63,tensor(1.1186),120.46,5.7,0.37,83,0.0,2.0,64
464,64,tensor(1.2178),132.16,5.52,0.34,74,0.0,2.0,65
465,65,tensor(1.0213),114.53,5.77,0.45,84,0.0,2.0,66
466,66,tensor(1.1435),112.36,5.71,0.52,80,0.0,2.0,67
467,67,tensor(1.1271),122.7,5.7,0.44,82,0.0,2.0,68
468,68,tensor(1.1642),104.37,5.89,0.38,89,0.0,2.0,69
469,69,tensor(1.4131),117.45,5.82,0.47,85,0.0,2.0,70
470,70,tensor(1.7603),111.48,5.77,0.4,84,0.0,2.0,71
471,71,tensor(1.1494),108.17,5.8,0.39,89,0.0,2.0,72
472,72,tensor(1.2155),116.71,5.89,0.56,91,0.0,2.0,73
473,73,tensor(1.0509),117.84,5.79,0.38,88,0.0,2.0,74
474,74,tensor(1.2360),123.87,5.8,0.54,87,0.0,2.0,75
475,75,tensor(1.4164),115.84,5.72,0.48,84,0.0,2.0,76
476,76,tensor(1.0538),110.16,5.83,0.38,91,0.0,2.0,77
477,77,tensor(1.2221),106.88,5.78,0.54,86,0.0,2.0,78
478,78,tensor(1.3834),114.88,5.81,0.36,90,0.0,2.0,79
479,79,tensor(1.1965),118.94,5.71,0.39,84,0.0,2.0,80
480,80,tensor(1.1150),113.16,5.77,0.59,84,0.0,2.0,81
481,81,tensor(1.1763),108.42,5.8,0.37,84,0.0,2.0,82
482,82,tensor(1.1602),108.86,5.8,0.41,88,0.0,2.0,83
483,83,tensor(1.1730),109.5,5.81,0.43,90,0.0,2.0,84
484,84,tensor(1.1991),103.1,5.74,0.25,87,0.0,2.0,85
485,85,tensor(1.0366),97.85,5.86,0.31,92,0.0,2.0,86
486,86,tensor(1.1594),112.02,5.83,0.4,88,0.0,2.0,87
487,87,tensor(1.1134),122.08,5.61,0.44,76,0.0,2.0,88
488,88,tensor(1.1311),111.06,5.78,0.3,88,0.0,2.0,89
489,89,tensor(1.1042),120.36,5.76,0.33,81,0.0,2.0,90
490,90,tensor(1.1081),108.51,5.84,0.42,88,0.0,2.0,91
491,91,tensor(1.0427),113.67,5.72,0.39,83,0.0,2.0,92
492,92,tensor(1.1831),114.28,5.75,0.37,86,0.0,2.0,93
493,93,tensor(1.3143),109.52,5.81,0.34,89,0.0,2.0,94
494,94,tensor(1.2936),108.63,5.8,0.38,87,0.0,2.0,95
495,95,tensor(1.4944),115.29,5.79,0.24,83,0.0,2.0,96
496,96,tensor(1.0420),111.1,5.82,0.35,87,0.0,2.0,97
497,97,tensor(1.1980),110.11,5.84,0.29,88,0.0,2.0,98
498,98,tensor(1.0111),101.86,5.85,0.33,92,0.0,2.0,99
499,99,tensor(1.2262),119.49,5.8,0.33,87,0.0,2.0,100
500,0,tensor(0.6056),199.96,2.07,3.36,1,0.0,2.5,1
501,1,tensor(2.5412),200.0,0.03,0.0,0,0.0,2.5,2
502,2,tensor(0.4597),200.0,0.31,0.44,0,0.0,2.5,3
503,3,tensor(0.9748),199.77,2.45,3.71,1,0.0,2.5,4
504,4,tensor(2.6008),195.54,3.13,2.2,8,0.0,2.5,5
505,5,tensor(1.2883),198.65,2.52,3.42,3,0.0,2.5,6
506,6,tensor(0.7535),197.57,2.81,2.46,7,0.0,2.5,7
507,7,tensor(0.7093),198.9,2.69,0.48,2,0.0,2.5,8
508,8,tensor(0.9588),198.0,3.14,0.56,5,0.0,2.5,9
509,9,tensor(1.4791),197.09,2.73,0.16,4,0.0,2.5,10
510,10,tensor(0.7933),198.77,2.81,0.07,2,0.0,2.5,11
511,11,tensor(1.6373),188.56,3.62,0.09,16,0.0,2.5,12
512,12,tensor(1.3801),184.11,4.23,0.68,24,0.0,2.5,13
513,13,tensor(1.3819),190.97,3.91,0.28,17,0.0,2.5,14
514,14,tensor(1.2715),186.41,4.05,0.12,19,0.0,2.5,15
515,15,tensor(1.3923),188.63,4.29,0.38,22,0.0,2.5,16
516,16,tensor(1.5174),183.06,3.99,0.46,24,0.0,2.5,17
517,17,tensor(1.5254),185.14,4.27,0.31,22,0.0,2.5,18
518,18,tensor(1.3866),185.4,4.14,0.28,23,0.0,2.5,19
519,19,tensor(0.9624),186.19,4.27,0.08,22,0.0,2.5,20
520,20,tensor(1.2191),180.34,4.17,0.05,25,0.0,2.5,21
521,21,tensor(0.9461),186.02,4.03,0.05,21,0.0,2.5,22
522,22,tensor(1.2094),182.47,4.34,0.18,23,0.0,2.5,23
523,23,tensor(1.0613),179.55,4.26,0.18,26,0.0,2.5,24
524,24,tensor(0.8728),179.49,4.51,0.68,28,0.0,2.5,25
525,25,tensor(1.3920),174.28,4.5,0.4,34,0.0,2.5,26
526,26,tensor(0.9715),168.62,4.74,0.41,40,0.0,2.5,27
527,27,tensor(1.1195),169.25,4.63,0.64,35,0.0,2.5,28
528,28,tensor(1.6873),160.14,5.06,0.97,51,0.0,2.5,29
529,29,tensor(1.7638),165.96,5.0,0.89,44,0.0,2.5,30
530,30,tensor(1.7225),166.88,4.85,1.31,36,0.0,2.5,31
531,31,tensor(1.5773),133.61,5.5,0.73,71,0.0,2.5,32
532,32,tensor(1.9030),151.73,5.25,1.11,54,0.0,2.5,33
533,33,tensor(2.1207),134.94,5.55,1.04,77,0.0,2.5,34
534,34,tensor(1.8686),131.08,5.62,0.83,78,0.0,2.5,35
535,35,tensor(1.1943),138.86,5.44,0.98,68,0.0,2.5,36
536,36,tensor(1.1043),159.64,5.21,0.97,51,0.0,2.5,37
537,37,tensor(1.3589),133.12,5.61,0.88,78,0.0,2.5,38
538,38,tensor(1.5010),137.77,5.56,0.61,73,0.0,2.5,39
539,39,tensor(1.3940),138.53,5.49,0.73,71,0.0,2.5,40
540,40,tensor(1.6415),146.11,5.38,0.56,65,0.0,2.5,41
541,41,tensor(1.6988),132.62,5.56,0.56,77,0.0,2.5,42
542,42,tensor(1.7014),130.17,5.73,0.57,81,0.0,2.5,43
543,43,tensor(1.2515),140.43,5.54,0.61,73,0.0,2.5,44
544,44,tensor(1.5064),120.98,5.71,0.48,83,0.0,2.5,45
545,45,tensor(2.0831),113.18,5.77,0.5,87,0.0,2.5,46
546,46,tensor(1.0662),129.41,5.74,0.58,84,0.0,2.5,47
547,47,tensor(1.4167),128.73,5.62,0.56,77,0.0,2.5,48
548,48,tensor(1.1870),129.67,5.58,0.58,73,0.0,2.5,49
549,49,tensor(1.1435),134.01,5.52,0.53,70,0.0,2.5,50
550,50,tensor(1.5180),120.84,5.75,0.78,83,0.0,2.5,51
551,51,tensor(1.8092),117.97,5.74,0.59,85,0.0,2.5,52
552,52,tensor(1.6527),115.64,5.69,0.5,81,0.0,2.5,53
553,53,tensor(1.1424),142.14,5.43,0.52,66,0.0,2.5,54
554,54,tensor(1.6360),131.58,5.54,0.4,74,0.0,2.5,55
555,55,tensor(1.1089),133.7,5.57,0.47,72,0.0,2.5,56
556,56,tensor(1.4099),137.68,5.59,0.66,76,0.0,2.5,57
557,57,tensor(0.9784),133.28,5.56,0.54,75,0.0,2.5,58
558,58,tensor(1.3864),132.95,5.62,0.52,77,0.0,2.5,59
559,59,tensor(1.8959),132.28,5.71,0.41,81,0.0,2.5,60
560,60,tensor(1.7478),115.41,5.77,0.36,85,0.0,2.5,61
561,61,tensor(1.2989),119.68,5.74,0.4,84,0.0,2.5,62
562,62,tensor(1.5493),127.38,5.6,0.41,76,0.0,2.5,63
563,63,tensor(1.4844),123.49,5.73,0.29,82,0.0,2.5,64
564,64,tensor(1.4605),132.71,5.64,0.42,79,0.0,2.5,65
565,65,tensor(1.7480),131.1,5.54,0.44,67,0.0,2.5,66
566,66,tensor(1.8988),125.97,5.77,0.42,82,0.0,2.5,67
567,67,tensor(1.6697),111.96,5.85,0.26,92,0.0,2.5,68
568,68,tensor(1.5266),126.58,5.72,0.48,82,0.0,2.5,69
569,69,tensor(1.7059),130.54,5.65,0.55,76,0.0,2.5,70
570,70,tensor(1.4909),131.99,5.53,0.6,73,0.0,2.5,71
571,71,tensor(1.2816),120.32,5.72,0.38,82,0.0,2.5,72
572,72,tensor(1.3300),124.88,5.67,0.35,78,0.0,2.5,73
573,73,tensor(1.4661),117.98,5.83,0.47,87,0.0,2.5,74
574,74,tensor(1.1385),118.89,5.77,0.51,86,0.0,2.5,75
575,75,tensor(1.5577),109.07,5.89,0.32,92,0.0,2.5,76
576,76,tensor(1.6851),125.95,5.63,0.48,78,0.0,2.5,77
577,77,tensor(1.4546),138.34,5.46,0.53,71,0.0,2.5,78
578,78,tensor(1.7596),134.69,5.48,0.46,69,0.0,2.5,79
579,79,tensor(1.3146),120.24,5.77,0.57,85,0.0,2.5,80
580,80,tensor(1.9731),130.12,5.58,0.51,75,0.0,2.5,81
581,81,tensor(1.6161),130.93,5.66,0.61,75,0.0,2.5,82
582,82,tensor(1.3202),121.62,5.72,0.54,83,0.0,2.5,83
583,83,tensor(1.8533),116.24,5.87,0.4,89,0.0,2.5,84
584,84,tensor(1.6809),119.76,5.68,0.46,84,0.0,2.5,85
585,85,tensor(1.6565),127.57,5.71,0.37,85,0.0,2.5,86
586,86,tensor(1.5232),128.8,5.54,0.38,72,0.0,2.5,87
587,87,tensor(1.3776),131.28,5.58,0.51,76,0.0,2.5,88
588,88,tensor(1.3221),121.87,5.77,0.37,85,0.0,2.5,89
589,89,tensor(1.7330),120.37,5.68,0.25,79,0.0,2.5,90
590,90,tensor(2.1389),107.57,5.84,0.33,89,0.0,2.5,91
591,91,tensor(1.7958),127.04,5.69,0.29,80,0.0,2.5,92
592,92,tensor(1.5583),119.17,5.85,0.34,89,0.0,2.5,93
593,93,tensor(1.5768),124.95,5.74,0.4,80,0.0,2.5,94
594,94,tensor(1.3150),128.43,5.52,0.31,74,0.0,2.5,95
595,95,tensor(1.8521),118.51,5.71,0.22,82,0.0,2.5,96
596,96,tensor(1.4774),123.61,5.82,0.32,86,0.0,2.5,97
597,97,tensor(1.2361),118.17,5.79,0.32,83,0.0,2.5,98
598,98,tensor(1.4837),109.74,5.77,0.37,84,0.0,2.5,99
599,99,tensor(1.3552),117.13,5.86,0.23,90,0.0,2.5,100
600,0,tensor(0.6241),200.0,0.3,0.63,0,0.0,3.0,1
601,1,tensor(2.2705),200.0,0.31,0.66,0,0.0,3.0,2
602,2,tensor(1.5533),200.0,0.24,0.56,0,0.0,3.0,3
603,3,tensor(0.8388),200.0,0.29,0.62,0,0.0,3.0,4
604,4,tensor(3.4275),200.0,0.3,0.79,0,0.0,3.0,5
605,5,tensor(1.6744),200.0,0.4,0.65,0,0.0,3.0,6
606,6,tensor(1.2852),199.43,2.0,1.0,2,0.0,3.0,7
607,7,tensor(1.6842),197.83,3.06,4.39,3,0.0,3.0,8
608,8,tensor(1.3844),200.0,1.81,1.84,0,0.0,3.0,9
609,9,tensor(1.3223),198.76,2.43,3.23,2,0.0,3.0,10
610,10,tensor(1.3386),192.47,3.29,4.1,9,0.0,3.0,11
611,11,tensor(2.7616),199.95,1.36,0.01,1,0.0,3.0,12
612,12,tensor(1.7925),199.52,2.01,0.05,2,0.0,3.0,13
613,13,tensor(1.1298),197.88,2.6,0.08,3,0.0,3.0,14
614,14,tensor(1.5215),197.78,3.08,0.24,6,0.0,3.0,15
615,15,tensor(2.5086),189.61,3.59,0.26,15,0.0,3.0,16
616,16,tensor(1.7723),189.79,3.62,0.02,17,0.0,3.0,17
617,17,tensor(2.1390),192.27,3.65,0.05,11,0.0,3.0,18
618,18,tensor(1.2095),190.82,3.76,0.01,14,0.0,3.0,19
619,19,tensor(1.6416),194.93,3.46,0.03,10,0.0,3.0,20
620,20,tensor(1.4845),196.56,3.25,0.04,6,0.0,3.0,21
621,21,tensor(0.8232),192.58,3.55,0.05,12,0.0,3.0,22
622,22,tensor(1.3888),189.6,3.77,0.01,13,0.0,3.0,23
623,23,tensor(1.4031),190.92,3.68,0.03,11,0.0,3.0,24
624,24,tensor(1.3031),193.0,3.57,0.02,9,0.0,3.0,25
625,25,tensor(1.0718),190.04,3.78,0.08,15,0.0,3.0,26
626,26,tensor(1.0509),190.38,3.43,0.02,11,0.0,3.0,27
627,27,tensor(1.0166),193.47,3.73,0.05,10,0.0,3.0,28
628,28,tensor(1.1264),186.62,4.01,0.1,20,0.0,3.0,29
629,29,tensor(1.3353),187.83,4.06,0.05,22,0.0,3.0,30
630,30,tensor(1.5080),193.56,3.75,0.02,11,0.0,3.0,31
631,31,tensor(1.2526),191.43,3.55,0.05,13,0.0,3.0,32
632,32,tensor(1.0531),192.18,3.42,0.08,10,0.0,3.0,33
633,33,tensor(1.9448),191.41,3.72,0.06,14,0.0,3.0,34
634,34,tensor(1.5091),189.9,3.65,0.07,16,0.0,3.0,35
635,35,tensor(1.0678),189.48,3.87,0.03,16,0.0,3.0,36
636,36,tensor(1.9722),181.72,4.28,0.13,24,0.0,3.0,37
637,37,tensor(1.4299),186.07,4.19,0.21,18,0.0,3.0,38
638,38,tensor(1.4189),189.16,4.04,0.09,15,0.0,3.0,39
639,39,tensor(0.9569),186.05,4.0,0.15,17,0.0,3.0,40
640,40,tensor(1.7097),191.0,3.9,0.11,12,0.0,3.0,41
641,41,tensor(0.9592),184.77,4.05,0.09,19,0.0,3.0,42
642,42,tensor(1.1547),174.74,4.71,0.23,32,0.0,3.0,43
643,43,tensor(0.8631),176.61,4.63,0.06,34,0.0,3.0,44
644,44,tensor(1.0155),170.82,4.47,0.15,33,0.0,3.0,45
645,45,tensor(0.9636),177.48,4.41,0.08,29,0.0,3.0,46
646,46,tensor(1.8220),184.92,4.27,0.04,21,0.0,3.0,47
647,47,tensor(1.2266),185.51,4.25,0.1,20,0.0,3.0,48
648,48,tensor(0.6114),180.95,4.26,0.08,24,0.0,3.0,49
649,49,tensor(0.9487),183.27,4.1,0.08,20,0.0,3.0,50
650,50,tensor(1.9510),175.41,4.32,0.12,31,0.0,3.0,51
651,51,tensor(0.9583),182.72,4.23,0.12,23,0.0,3.0,52
652,52,tensor(0.9162),182.02,4.18,0.15,22,0.0,3.0,53
653,53,tensor(1.3070),183.82,4.07,0.06,21,0.0,3.0,54
654,54,tensor(1.2425),185.59,4.15,0.19,20,0.0,3.0,55
655,55,tensor(1.3092),177.68,4.15,0.19,23,0.0,3.0,56
656,56,tensor(1.1197),173.44,4.57,0.08,31,0.0,3.0,57
657,57,tensor(0.8831),176.77,4.35,0.07,28,0.0,3.0,58
658,58,tensor(1.2197),178.62,4.38,0.11,27,0.0,3.0,59
659,59,tensor(1.4041),175.05,4.5,0.1,29,0.0,3.0,60
660,60,tensor(1.5504),179.81,4.33,0.08,26,0.0,3.0,61
661,61,tensor(1.8609),176.29,4.36,0.1,29,0.0,3.0,62
662,62,tensor(1.3846),171.16,4.59,0.15,38,0.0,3.0,63
663,63,tensor(1.4500),171.1,4.84,0.16,42,0.0,3.0,64
664,64,tensor(0.9769),170.84,4.64,0.26,37,0.0,3.0,65
665,65,tensor(1.5004),168.83,4.74,0.14,41,0.0,3.0,66
666,66,tensor(1.1549),173.61,4.78,0.19,41,0.0,3.0,67
667,67,tensor(1.0884),173.91,4.62,0.38,36,0.0,3.0,68
668,68,tensor(1.3943),171.29,4.84,0.16,40,0.0,3.0,69
669,69,tensor(1.0975),166.92,4.82,0.14,40,0.0,3.0,70
670,70,tensor(1.3312),173.99,4.75,0.36,33,0.0,3.0,71
671,71,tensor(1.4893),177.19,4.65,0.39,34,0.0,3.0,72
672,72,tensor(1.6576),164.42,4.75,0.33,45,0.0,3.0,73
673,73,tensor(1.5212),167.7,4.88,0.11,43,0.0,3.0,74
674,74,tensor(1.4968),175.76,4.69,0.16,32,0.0,3.0,75
675,75,tensor(1.7572),168.37,4.99,0.18,46,0.0,3.0,76
676,76,tensor(1.1816),173.41,4.58,0.19,33,0.0,3.0,77
677,77,tensor(1.6127),163.84,4.92,0.06,41,0.0,3.0,78
678,78,tensor(1.6616),166.66,4.76,0.11,40,0.0,3.0,79
679,79,tensor(1.4446),169.6,4.6,0.04,37,0.0,3.0,80
680,80,tensor(1.5715),175.1,4.6,0.03,34,0.0,3.0,81
681,81,tensor(1.4043),162.15,4.91,0.12,44,0.0,3.0,82
682,82,tensor(1.6522),170.43,4.67,0.16,35,0.0,3.0,83
683,83,tensor(2.2143),154.58,5.15,0.19,53,0.0,3.0,84
684,84,tensor(1.8836),162.4,5.06,0.33,50,0.0,3.0,85
685,85,tensor(1.6383),159.19,5.02,0.2,49,0.0,3.0,86
686,86,tensor(1.7956),155.33,5.02,0.1,47,0.0,3.0,87
687,87,tensor(1.7338),154.91,5.04,0.29,50,0.0,3.0,88
688,88,tensor(1.4476),167.26,4.88,0.14,42,0.0,3.0,89
689,89,tensor(2.2020),154.49,5.09,0.24,49,0.0,3.0,90
690,90,tensor(2.0754),159.88,5.13,0.29,50,0.0,3.0,91
691,91,tensor(1.9043),153.77,4.97,0.22,50,0.0,3.0,92
692,92,tensor(2.1239),165.42,4.93,0.26,46,0.0,3.0,93
693,93,tensor(1.3586),153.48,5.09,0.38,55,0.0,3.0,94
694,94,tensor(2.0784),159.8,5.08,0.38,47,0.0,3.0,95
695,95,tensor(1.3413),165.28,4.83,0.27,39,0.0,3.0,96
696,96,tensor(1.7503),152.89,5.17,0.25,56,0.0,3.0,97
697,97,tensor(1.4501),150.16,5.25,0.26,57,0.0,3.0,98
698,98,tensor(2.0596),148.25,5.54,0.48,67,0.0,3.0,99
699,99,tensor(2.0278),129.54,5.71,0.49,81,0.0,3.0,100
700,0,tensor(0.1230),200.0,0.35,0.72,0,1.0,0.0,1
701,1,tensor(0.1270),200.0,0.29,0.64,0,1.0,0.0,2
702,2,tensor(0.1283),198.74,2.97,3.78,3,1.0,0.0,3
703,3,tensor(0.1210),197.17,2.67,4.11,5,1.0,0.0,4
704,4,tensor(0.2001),198.66,2.87,4.23,3,1.0,0.0,5
705,5,tensor(0.2733),157.88,4.81,5.86,50,1.0,0.0,6
706,6,tensor(0.2556),169.09,4.72,6.25,40,1.0,0.0,7
707,7,tensor(0.4231),130.25,5.28,6.89,59,1.0,0.0,8
708,8,tensor(0.4408),121.6,5.38,6.2,65,1.0,0.0,9
709,9,tensor(0.4083),118.13,5.61,8.02,77,1.0,0.0,10
710,10,tensor(0.4368),103.83,5.7,7.22,81,1.0,0.0,11
711,11,tensor(0.5259),87.19,5.62,7.0,84,1.0,0.0,12
712,12,tensor(0.5091),81.17,5.93,7.14,94,1.0,0.0,13
713,13,tensor(0.4949),83.83,5.83,6.7,93,1.0,0.0,14
714,14,tensor(0.5741),82.41,5.91,6.02,96,1.0,0.0,15
715,15,tensor(0.5488),60.04,5.99,5.55,99,1.0,0.0,16
716,16,tensor(0.4780),61.2,6.0,5.07,100,1.0,0.0,17
717,17,tensor(0.4619),55.41,6.0,4.12,100,1.0,0.0,18
718,18,tensor(0.4240),57.62,6.0,4.86,100,1.0,0.0,19
719,19,tensor(0.3799),58.7,6.0,5.22,100,1.0,0.0,20
720,20,tensor(0.4331),54.93,6.0,4.92,100,1.0,0.0,21
721,21,tensor(0.3723),54.2,6.0,4.9,100,1.0,0.0,22
722,22,tensor(0.4713),54.93,6.0,4.62,100,1.0,0.0,23
723,23,tensor(0.3809),53.85,6.0,4.45,100,1.0,0.0,24
724,24,tensor(0.4639),53.52,6.0,4.3,100,1.0,0.0,25
725,25,tensor(0.4795),58.39,5.99,4.43,99,1.0,0.0,26
726,26,tensor(0.4290),50.49,6.0,4.01,100,1.0,0.0,27
727,27,tensor(0.4093),49.84,6.0,3.36,100,1.0,0.0,28
728,28,tensor(0.4376),51.94,6.0,4.34,100,1.0,0.0,29
729,29,tensor(0.4756),49.28,6.0,3.8,100,1.0,0.0,30
730,30,tensor(0.4233),50.04,6.0,3.95,100,1.0,0.0,31
731,31,tensor(0.4906),55.34,6.0,4.02,100,1.0,0.0,32
732,32,tensor(0.3618),52.7,6.0,3.6,100,1.0,0.0,33
733,33,tensor(0.4597),51.39,6.0,3.87,100,1.0,0.0,34
734,34,tensor(0.4934),51.25,6.0,3.92,100,1.0,0.0,35
735,35,tensor(0.4334),50.58,6.0,4.07,100,1.0,0.0,36
736,36,tensor(0.4927),50.92,6.0,3.61,100,1.0,0.0,37
737,37,tensor(0.4343),49.54,6.0,3.49,100,1.0,0.0,38
738,38,tensor(0.3820),48.85,6.0,3.62,100,1.0,0.0,39
739,39,tensor(0.3802),50.51,6.0,3.72,100,1.0,0.0,40
740,40,tensor(0.5527),54.18,5.99,3.72,99,1.0,0.0,41
741,41,tensor(0.3942),50.76,6.0,3.55,100,1.0,0.0,42
742,42,tensor(0.4031),48.37,6.0,3.66,100,1.0,0.0,43
743,43,tensor(0.4033),49.11,6.0,3.32,100,1.0,0.0,44
744,44,tensor(0.4426),48.7,6.0,3.44,100,1.0,0.0,45
745,45,tensor(0.4333),49.71,6.0,4.01,100,1.0,0.0,46
746,46,tensor(0.4329),49.28,6.0,3.77,100,1.0,0.0,47
747,47,tensor(0.4212),48.78,6.0,3.32,100,1.0,0.0,48
748,48,tensor(0.3835),50.5,6.0,3.49,100,1.0,0.0,49
749,49,tensor(0.3883),50.17,6.0,3.41,100,1.0,0.0,50
750,50,tensor(0.3626),50.03,6.0,3.64,100,1.0,0.0,51
751,51,tensor(0.3920),47.17,6.0,3.11,100,1.0,0.0,52
752,52,tensor(0.4215),48.41,6.0,3.13,100,1.0,0.0,53
753,53,tensor(0.4456),48.72,6.0,3.43,100,1.0,0.0,54
754,54,tensor(0.4415),47.49,6.0,2.98,100,1.0,0.0,55
755,55,tensor(0.4282),46.82,6.0,3.41,100,1.0,0.0,56
756,56,tensor(0.3415),52.31,6.0,3.78,100,1.0,0.0,57
757,57,tensor(0.4289),50.26,6.0,3.55,100,1.0,0.0,58
758,58,tensor(0.4234),49.64,6.0,3.21,100,1.0,0.0,59
759,59,tensor(0.3724),48.87,6.0,3.16,100,1.0,0.0,60
760,60,tensor(0.4208),49.93,6.0,3.48,100,1.0,0.0,61
761,61,tensor(0.3667),49.32,6.0,3.68,100,1.0,0.0,62
762,62,tensor(0.4256),46.52,6.0,3.4,100,1.0,0.0,63
763,63,tensor(0.3987),48.71,6.0,3.15,100,1.0,0.0,64
764,64,tensor(0.4389),49.76,6.0,3.05,100,1.0,0.0,65
765,65,tensor(0.4010),48.18,6.0,3.32,100,1.0,0.0,66
766,66,tensor(0.4193),48.98,6.0,3.44,100,1.0,0.0,67
767,67,tensor(0.4183),47.81,6.0,3.07,100,1.0,0.0,68
768,68,tensor(0.4136),48.49,6.0,3.33,100,1.0,0.0,69
769,69,tensor(0.4038),52.06,6.0,3.31,100,1.0,0.0,70
770,70,tensor(0.3993),52.0,6.0,3.54,100,1.0,0.0,71
771,71,tensor(0.4197),51.07,6.0,3.36,100,1.0,0.0,72
772,72,tensor(0.4325),50.06,6.0,3.25,100,1.0,0.0,73
773,73,tensor(0.4231),52.81,6.0,3.47,100,1.0,0.0,74
774,74,tensor(0.4020),47.35,6.0,3.25,100,1.0,0.0,75
775,75,tensor(0.4226),47.75,6.0,3.25,100,1.0,0.0,76
776,76,tensor(0.4215),49.44,6.0,3.36,100,1.0,0.0,77
777,77,tensor(0.4206),45.79,6.0,3.3,100,1.0,0.0,78
778,78,tensor(0.3913),47.2,6.0,3.65,100,1.0,0.0,79
779,79,tensor(0.4184),48.85,6.0,3.66,100,1.0,0.0,80
780,80,tensor(0.4081),49.08,6.0,3.31,100,1.0,0.0,81
781,81,tensor(0.3780),47.45,6.0,3.47,100,1.0,0.0,82
782,82,tensor(0.4133),49.16,6.0,3.33,100,1.0,0.0,83
783,83,tensor(0.3816),48.01,6.0,3.19,100,1.0,0.0,84
784,84,tensor(0.4327),47.49,6.0,3.11,100,1.0,0.0,85
785,85,tensor(0.4659),49.98,6.0,3.39,100,1.0,0.0,86
786,86,tensor(0.4198),48.66,6.0,3.21,100,1.0,0.0,87
787,87,tensor(0.3597),48.98,6.0,3.44,100,1.0,0.0,88
788,88,tensor(0.4114),51.52,6.0,3.4,100,1.0,0.0,89
789,89,tensor(0.4014),48.45,6.0,3.12,100,1.0,0.0,90
790,90,tensor(0.3865),51.5,6.0,3.37,100,1.0,0.0,91
791,91,tensor(0.3959),46.92,6.0,3.41,100,1.0,0.0,92
792,92,tensor(0.4142),47.91,6.0,3.16,100,1.0,0.0,93
793,93,tensor(0.4092),48.88,6.0,3.12,100,1.0,0.0,94
794,94,tensor(0.4236),49.36,6.0,3.34,100,1.0,0.0,95
795,95,tensor(0.3650),49.66,6.0,3.3,100,1.0,0.0,96
796,96,tensor(0.4560),48.71,6.0,2.99,100,1.0,0.0,97
797,97,tensor(0.4176),45.72,6.0,3.19,100,1.0,0.0,98
798,98,tensor(0.3768),48.59,6.0,3.59,100,1.0,0.0,99
799,99,tensor(0.4167),46.7,6.0,3.21,100,1.0,0.0,100
800,0,tensor(0.1069),200.0,0.62,0.5,0,1.0,0.5,1
801,1,tensor(0.0864),200.0,0.33,0.58,0,1.0,0.5,2
802,2,tensor(0.1117),200.0,0.57,1.27,0,1.0,0.5,3
803,3,tensor(0.1508),200.0,1.07,0.44,0,1.0,0.5,4
804,4,tensor(0.1886),195.09,2.94,0.84,6,1.0,0.5,5
805,5,tensor(0.2404),190.76,3.79,3.21,10,1.0,0.5,6
806,6,tensor(0.5643),139.62,4.91,3.8,53,1.0,0.5,7
807,7,tensor(0.6181),97.67,5.82,3.67,89,1.0,0.5,8
808,8,tensor(0.5357),149.8,4.57,2.64,40,1.0,0.5,9
809,9,tensor(0.7882),86.99,5.74,3.33,87,1.0,0.5,10
810,10,tensor(0.7080),80.44,5.86,3.61,95,1.0,0.5,11
811,11,tensor(0.6167),68.48,6.0,3.64,100,1.0,0.5,12
812,12,tensor(0.5369),53.28,6.0,2.83,100,1.0,0.5,13
813,13,tensor(0.6883),63.93,5.97,3.1,97,1.0,0.5,14
814,14,tensor(0.5594),52.78,6.0,2.84,100,1.0,0.5,15
815,15,tensor(0.5869),50.27,6.0,3.44,100,1.0,0.5,16
816,16,tensor(0.5475),53.41,6.0,3.0,100,1.0,0.5,17
817,17,tensor(0.5481),48.41,6.0,2.5,100,1.0,0.5,18
818,18,tensor(0.5269),52.22,6.0,3.11,100,1.0,0.5,19
819,19,tensor(0.5913),51.88,6.0,3.14,100,1.0,0.5,20
820,20,tensor(0.4882),47.71,6.0,2.78,100,1.0,0.5,21
821,21,tensor(0.4864),51.96,6.0,3.12,100,1.0,0.5,22
822,22,tensor(0.5037),53.76,6.0,2.84,100,1.0,0.5,23
823,23,tensor(0.4780),49.6,6.0,2.98,100,1.0,0.5,24
824,24,tensor(0.4414),51.59,6.0,3.09,100,1.0,0.5,25
825,25,tensor(0.5149),46.42,6.0,2.59,100,1.0,0.5,26
826,26,tensor(0.4520),50.0,6.0,3.03,100,1.0,0.5,27
827,27,tensor(0.5330),50.63,6.0,2.95,100,1.0,0.5,28
828,28,tensor(0.4841),49.39,6.0,2.88,100,1.0,0.5,29
829,29,tensor(0.5335),49.35,6.0,3.21,100,1.0,0.5,30
830,30,tensor(0.4696),48.99,6.0,2.79,100,1.0,0.5,31
831,31,tensor(0.5514),49.26,6.0,2.73,100,1.0,0.5,32
832,32,tensor(0.4850),51.6,6.0,2.71,100,1.0,0.5,33
833,33,tensor(0.4608),50.81,6.0,2.69,100,1.0,0.5,34
834,34,tensor(0.4925),49.41,6.0,2.63,100,1.0,0.5,35
835,35,tensor(0.5756),53.63,6.0,3.09,100,1.0,0.5,36
836,36,tensor(0.4362),50.6,6.0,2.93,100,1.0,0.5,37
837,37,tensor(0.5243),49.41,6.0,2.61,100,1.0,0.5,38
838,38,tensor(0.4937),50.82,6.0,2.59,100,1.0,0.5,39
839,39,tensor(0.5062),50.58,6.0,2.7,100,1.0,0.5,40
840,40,tensor(0.4517),50.85,6.0,2.27,100,1.0,0.5,41
841,41,tensor(0.4853),51.79,6.0,2.57,100,1.0,0.5,42
842,42,tensor(0.4973),53.79,6.0,2.61,100,1.0,0.5,43
843,43,tensor(0.4680),51.16,6.0,2.57,100,1.0,0.5,44
844,44,tensor(0.5282),48.87,6.0,2.91,100,1.0,0.5,45
845,45,tensor(0.4883),48.61,6.0,2.71,100,1.0,0.5,46
846,46,tensor(0.4476),50.79,6.0,2.63,100,1.0,0.5,47
847,47,tensor(0.4537),49.14,6.0,2.71,100,1.0,0.5,48
848,48,tensor(0.4750),52.37,6.0,2.41,100,1.0,0.5,49
849,49,tensor(0.5002),51.69,6.0,2.81,100,1.0,0.5,50
850,50,tensor(0.5631),52.7,6.0,3.0,100,1.0,0.5,51
851,51,tensor(0.5348),51.76,6.0,2.91,100,1.0,0.5,52
852,52,tensor(0.4779),49.95,6.0,2.61,100,1.0,0.5,53
853,53,tensor(0.6170),49.71,6.0,2.76,100,1.0,0.5,54
854,54,tensor(0.4992),49.2,6.0,2.88,100,1.0,0.5,55
855,55,tensor(0.4567),48.37,6.0,2.69,100,1.0,0.5,56
856,56,tensor(0.5116),52.62,6.0,2.95,100,1.0,0.5,57
857,57,tensor(0.5543),49.66,6.0,2.96,100,1.0,0.5,58
858,58,tensor(0.4545),49.1,6.0,2.76,100,1.0,0.5,59
859,59,tensor(0.4411),49.36,6.0,2.69,100,1.0,0.5,60
860,60,tensor(0.4580),50.29,6.0,2.65,100,1.0,0.5,61
861,61,tensor(0.6041),48.93,6.0,2.55,100,1.0,0.5,62
862,62,tensor(0.4902),48.74,6.0,2.91,100,1.0,0.5,63
863,63,tensor(0.4500),49.55,6.0,2.55,100,1.0,0.5,64
864,64,tensor(0.4867),47.49,6.0,2.57,100,1.0,0.5,65
865,65,tensor(0.4827),48.91,6.0,2.68,100,1.0,0.5,66
866,66,tensor(0.4191),49.67,6.0,2.47,100,1.0,0.5,67
867,67,tensor(0.5801),46.14,6.0,2.47,100,1.0,0.5,68
868,68,tensor(0.4739),48.18,6.0,2.61,100,1.0,0.5,69
869,69,tensor(0.4653),47.97,6.0,2.49,100,1.0,0.5,70
870,70,tensor(0.5084),47.93,6.0,2.53,100,1.0,0.5,71
871,71,tensor(0.4841),49.31,6.0,2.33,100,1.0,0.5,72
872,72,tensor(0.5075),47.91,6.0,2.65,100,1.0,0.5,73
873,73,tensor(0.4820),47.96,6.0,2.89,100,1.0,0.5,74
874,74,tensor(0.4828),53.03,6.0,2.33,100,1.0,0.5,75
875,75,tensor(0.4260),50.9,6.0,2.9,100,1.0,0.5,76
876,76,tensor(0.5217),47.94,6.0,2.43,100,1.0,0.5,77
877,77,tensor(0.4264),51.99,6.0,2.64,100,1.0,0.5,78
878,78,tensor(0.4962),46.78,6.0,2.38,100,1.0,0.5,79
879,79,tensor(0.5238),50.71,6.0,2.58,100,1.0,0.5,80
880,80,tensor(0.4516),47.18,6.0,2.48,100,1.0,0.5,81
881,81,tensor(0.4995),47.97,6.0,2.24,100,1.0,0.5,82
882,82,tensor(0.5270),51.8,6.0,2.28,100,1.0,0.5,83
883,83,tensor(0.4766),48.51,6.0,2.36,100,1.0,0.5,84
884,84,tensor(0.4900),48.83,6.0,2.64,100,1.0,0.5,85
885,85,tensor(0.4483),50.57,6.0,2.52,100,1.0,0.5,86
886,86,tensor(0.4435),50.71,6.0,2.43,100,1.0,0.5,87
887,87,tensor(0.4686),47.65,6.0,2.15,100,1.0,0.5,88
888,88,tensor(0.5032),51.11,6.0,2.36,100,1.0,0.5,89
889,89,tensor(0.5321),49.84,6.0,2.16,100,1.0,0.5,90
890,90,tensor(0.4532),51.34,6.0,2.48,100,1.0,0.5,91
891,91,tensor(0.4408),46.01,6.0,2.25,100,1.0,0.5,92
892,92,tensor(0.4853),48.95,6.0,2.12,100,1.0,0.5,93
893,93,tensor(0.4822),47.24,6.0,2.11,100,1.0,0.5,94
894,94,tensor(0.5146),49.55,6.0,2.1,100,1.0,0.5,95
895,95,tensor(0.4830),47.03,6.0,2.0,100,1.0,0.5,96
896,96,tensor(0.5359),49.29,6.0,2.45,100,1.0,0.5,97
897,97,tensor(0.4541),50.15,6.0,2.27,100,1.0,0.5,98
898,98,tensor(0.5198),49.19,6.0,2.29,100,1.0,0.5,99
899,99,tensor(0.4939),49.4,6.0,2.29,100,1.0,0.5,100
900,0,tensor(0.1718),200.0,0.63,1.14,0,1.0,1.0,1
901,1,tensor(0.1548),200.0,0.28,0.62,0,1.0,1.0,2
902,2,tensor(0.2296),200.0,1.21,0.63,0,1.0,1.0,3
903,3,tensor(0.2689),195.32,3.01,3.36,6,1.0,1.0,4
904,4,tensor(0.2919),195.25,3.27,1.76,8,1.0,1.0,5
905,5,tensor(0.8106),148.41,5.06,1.45,52,1.0,1.0,6
906,6,tensor(0.5750),136.46,5.48,0.43,69,1.0,1.0,7
907,7,tensor(0.4923),157.07,4.77,0.66,48,1.0,1.0,8
908,8,tensor(0.5030),121.59,5.69,0.37,84,1.0,1.0,9
909,9,tensor(0.7932),139.92,5.4,0.33,63,1.0,1.0,10
910,10,tensor(0.4353),150.97,5.02,0.34,50,1.0,1.0,11
911,11,tensor(0.7434),106.54,5.72,0.34,84,1.0,1.0,12
912,12,tensor(0.5808),105.95,5.8,0.34,87,1.0,1.0,13
913,13,tensor(0.9406),106.31,5.84,0.44,88,1.0,1.0,14
914,14,tensor(0.5091),107.5,5.78,0.4,88,1.0,1.0,15
915,15,tensor(0.7535),107.69,5.82,0.33,86,1.0,1.0,16
916,16,tensor(0.5426),121.81,5.62,0.51,77,1.0,1.0,17
917,17,tensor(0.6333),109.9,5.82,0.41,89,1.0,1.0,18
918,18,tensor(0.6808),108.21,5.78,0.29,87,1.0,1.0,19
919,19,tensor(0.5161),100.88,5.9,0.4,93,1.0,1.0,20
920,20,tensor(0.5427),108.65,5.86,0.54,91,1.0,1.0,21
921,21,tensor(0.5611),94.22,5.9,0.4,94,1.0,1.0,22
922,22,tensor(0.6169),114.92,5.68,0.54,80,1.0,1.0,23
923,23,tensor(0.6698),95.97,5.9,0.42,94,1.0,1.0,24
924,24,tensor(0.7549),112.75,5.78,0.6,87,1.0,1.0,25
925,25,tensor(0.4991),104.35,5.86,0.64,92,1.0,1.0,26
926,26,tensor(0.6200),96.51,5.94,0.62,95,1.0,1.0,27
927,27,tensor(0.5601),103.35,5.8,0.63,88,1.0,1.0,28
928,28,tensor(0.6568),99.35,5.88,0.72,94,1.0,1.0,29
929,29,tensor(0.6985),106.32,5.84,0.64,89,1.0,1.0,30
930,30,tensor(0.6123),114.8,5.78,0.68,86,1.0,1.0,31
931,31,tensor(0.6189),90.93,5.96,0.59,96,1.0,1.0,32
932,32,tensor(0.8013),95.4,5.86,0.55,93,1.0,1.0,33
933,33,tensor(0.5034),104.1,5.85,0.62,89,1.0,1.0,34
934,34,tensor(0.6466),87.49,5.93,0.7,94,1.0,1.0,35
935,35,tensor(0.8868),85.0,5.92,0.57,94,1.0,1.0,36
936,36,tensor(0.6233),93.45,5.82,0.69,89,1.0,1.0,37
937,37,tensor(0.8858),96.45,5.85,0.79,92,1.0,1.0,38
938,38,tensor(0.6589),91.93,5.92,0.73,94,1.0,1.0,39
939,39,tensor(0.6475),100.99,5.77,0.86,87,1.0,1.0,40
940,40,tensor(0.5871),91.09,5.89,0.66,94,1.0,1.0,41
941,41,tensor(0.6258),84.77,5.97,0.74,97,1.0,1.0,42
942,42,tensor(0.7618),98.51,5.82,0.78,88,1.0,1.0,43
943,43,tensor(0.5883),91.72,5.89,0.68,92,1.0,1.0,44
944,44,tensor(0.6732),87.23,5.95,0.77,97,1.0,1.0,45
945,45,tensor(0.7142),82.48,5.97,0.78,98,1.0,1.0,46
946,46,tensor(0.7158),84.05,5.98,0.75,98,1.0,1.0,47
947,47,tensor(0.6591),83.18,5.87,0.69,93,1.0,1.0,48
948,48,tensor(0.6948),78.25,5.95,0.71,96,1.0,1.0,49
949,49,tensor(0.6108),77.01,5.96,0.66,97,1.0,1.0,50
950,50,tensor(0.7119),76.61,5.98,0.55,99,1.0,1.0,51
951,51,tensor(0.6434),80.93,5.98,0.6,98,1.0,1.0,52
952,52,tensor(0.6880),75.27,6.0,0.48,100,1.0,1.0,53
953,53,tensor(0.6898),88.92,5.94,0.53,95,1.0,1.0,54
954,54,tensor(0.6747),73.75,6.0,0.68,100,1.0,1.0,55
955,55,tensor(0.8143),66.55,6.0,0.62,100,1.0,1.0,56
956,56,tensor(0.8166),68.64,5.99,0.68,99,1.0,1.0,57
957,57,tensor(0.8221),72.43,6.0,0.6,100,1.0,1.0,58
958,58,tensor(0.6854),76.69,5.97,0.69,98,1.0,1.0,59
959,59,tensor(0.7568),77.82,5.96,0.6,97,1.0,1.0,60
960,60,tensor(0.6962),82.96,5.98,0.67,98,1.0,1.0,61
961,61,tensor(0.6428),76.85,5.97,0.73,98,1.0,1.0,62
962,62,tensor(0.7220),78.85,5.96,0.71,98,1.0,1.0,63
963,63,tensor(0.7054),72.21,6.0,0.63,100,1.0,1.0,64
964,64,tensor(0.6767),82.03,5.95,0.88,98,1.0,1.0,65
965,65,tensor(0.6875),67.45,6.0,0.62,100,1.0,1.0,66
966,66,tensor(0.6683),73.28,6.0,0.91,100,1.0,1.0,67
967,67,tensor(0.7746),68.47,5.98,0.83,98,1.0,1.0,68
968,68,tensor(0.7350),75.17,5.98,0.71,98,1.0,1.0,69
969,69,tensor(0.9181),66.48,5.99,0.67,99,1.0,1.0,70
970,70,tensor(0.7175),67.23,6.0,0.7,100,1.0,1.0,71
971,71,tensor(0.7339),67.13,6.0,0.76,100,1.0,1.0,72
972,72,tensor(0.6897),69.02,5.97,0.72,98,1.0,1.0,73
973,73,tensor(0.8499),77.52,5.96,0.83,97,1.0,1.0,74
974,74,tensor(0.7512),72.85,5.99,0.62,99,1.0,1.0,75
975,75,tensor(0.7305),71.79,5.98,0.63,98,1.0,1.0,76
976,76,tensor(0.7140),76.88,5.98,0.72,99,1.0,1.0,77
977,77,tensor(0.6875),76.09,5.99,0.77,99,1.0,1.0,78
978,78,tensor(0.6676),75.89,5.96,0.76,97,1.0,1.0,79
979,79,tensor(0.6967),73.93,6.0,0.71,100,1.0,1.0,80
980,80,tensor(0.5829),83.31,5.95,0.66,97,1.0,1.0,81
981,81,tensor(0.6568),77.02,5.97,0.68,98,1.0,1.0,82
982,82,tensor(0.7367),65.0,6.0,0.68,100,1.0,1.0,83
983,83,tensor(0.7206),68.65,6.0,0.68,100,1.0,1.0,84
984,84,tensor(0.7488),74.52,6.0,0.98,100,1.0,1.0,85
985,85,tensor(0.7573),73.53,5.98,0.97,99,1.0,1.0,86
986,86,tensor(0.8219),84.9,5.95,1.16,97,1.0,1.0,87
987,87,tensor(0.8093),70.49,6.0,0.92,100,1.0,1.0,88
988,88,tensor(0.6447),66.57,6.0,0.84,100,1.0,1.0,89
989,89,tensor(0.6462),72.2,6.0,0.94,100,1.0,1.0,90
990,90,tensor(0.6547),67.47,6.0,1.1,100,1.0,1.0,91
991,91,tensor(0.7512),70.47,5.99,0.98,99,1.0,1.0,92
992,92,tensor(0.7235),62.38,6.0,0.87,100,1.0,1.0,93
993,93,tensor(0.7927),64.7,6.0,1.02,100,1.0,1.0,94
994,94,tensor(0.6641),58.55,6.0,0.76,100,1.0,1.0,95
995,95,tensor(0.7023),67.38,6.0,1.2,100,1.0,1.0,96
996,96,tensor(0.7020),67.9,6.0,1.02,100,1.0,1.0,97
997,97,tensor(0.6382),67.72,5.99,0.77,99,1.0,1.0,98
998,98,tensor(0.6191),69.27,6.0,0.77,100,1.0,1.0,99
999,99,tensor(0.6534),70.41,6.0,0.92,100,1.0,1.0,100
1000,0,tensor(0.2779),200.0,0.27,0.74,0,1.0,1.5,1
1001,1,tensor(0.4125),200.0,0.3,0.59,0,1.0,1.5,2
1002,2,tensor(0.4094),200.0,0.36,0.75,0,1.0,1.5,3
1003,3,tensor(0.3467),200.0,0.24,0.68,0,1.0,1.5,4
1004,4,tensor(0.4785),197.58,3.0,1.55,6,1.0,1.5,5
1005,5,tensor(0.3473),191.0,3.83,1.84,14,1.0,1.5,6
1006,6,tensor(0.5933),181.62,3.95,1.52,19,1.0,1.5,7
1007,7,tensor(0.5845),165.38,4.62,1.53,37,1.0,1.5,8
1008,8,tensor(0.9959),143.24,5.09,1.51,58,1.0,1.5,9
1009,9,tensor(0.7807),156.92,5.03,1.29,50,1.0,1.5,10
1010,10,tensor(0.7742),148.15,5.06,0.99,51,1.0,1.5,11
1011,11,tensor(0.6197),155.45,4.77,1.02,43,1.0,1.5,12
1012,12,tensor(0.5153),165.34,4.81,1.33,37,1.0,1.5,13
1013,13,tensor(0.6260),167.57,4.87,1.1,37,1.0,1.5,14
1014,14,tensor(0.8830),161.61,5.05,1.31,45,1.0,1.5,15
1015,15,tensor(1.1134),131.94,5.5,0.56,69,1.0,1.5,16
1016,16,tensor(0.6626),134.23,5.32,0.51,68,1.0,1.5,17
1017,17,tensor(0.5921),147.35,5.27,0.61,61,1.0,1.5,18
1018,18,tensor(0.7640),134.84,5.33,0.59,64,1.0,1.5,19
1019,19,tensor(0.5423),136.7,5.41,0.47,63,1.0,1.5,20
1020,20,tensor(0.9423),117.96,5.65,0.45,79,1.0,1.5,21
1021,21,tensor(0.7525),119.92,5.79,0.48,85,1.0,1.5,22
1022,22,tensor(0.7610),120.41,5.62,0.53,80,1.0,1.5,23
1023,23,tensor(0.6722),118.07,5.67,0.59,79,1.0,1.5,24
1024,24,tensor(0.8584),117.98,5.71,0.44,83,1.0,1.5,25
1025,25,tensor(0.7628),115.74,5.75,0.43,84,1.0,1.5,26
1026,26,tensor(0.7639),108.18,5.8,0.36,87,1.0,1.5,27
1027,27,tensor(1.0707),107.42,5.67,0.39,83,1.0,1.5,28
1028,28,tensor(0.9684),109.87,5.78,0.52,85,1.0,1.5,29
1029,29,tensor(0.8868),108.33,5.81,0.51,89,1.0,1.5,30
1030,30,tensor(0.6662),112.98,5.78,0.52,86,1.0,1.5,31
1031,31,tensor(0.6234),107.52,5.83,0.65,87,1.0,1.5,32
1032,32,tensor(0.8030),122.76,5.63,0.63,79,1.0,1.5,33
1033,33,tensor(0.8715),113.63,5.75,0.68,87,1.0,1.5,34
1034,34,tensor(0.7732),110.78,5.87,0.44,91,1.0,1.5,35
1035,35,tensor(0.9532),104.51,5.82,0.7,90,1.0,1.5,36
1036,36,tensor(0.8389),110.57,5.85,0.62,92,1.0,1.5,37
1037,37,tensor(0.6820),110.9,5.74,0.46,83,1.0,1.5,38
1038,38,tensor(0.8882),104.32,5.85,0.65,92,1.0,1.5,39
1039,39,tensor(0.9864),106.41,5.85,0.58,92,1.0,1.5,40
1040,40,tensor(0.7444),118.97,5.63,0.72,80,1.0,1.5,41
1041,41,tensor(0.8055),105.52,5.86,0.58,90,1.0,1.5,42
1042,42,tensor(0.7434),112.06,5.84,0.54,90,1.0,1.5,43
1043,43,tensor(0.7915),105.45,5.87,0.44,92,1.0,1.5,44
1044,44,tensor(0.8498),103.37,5.82,0.6,90,1.0,1.5,45
1045,45,tensor(0.7800),113.89,5.85,0.43,89,1.0,1.5,46
1046,46,tensor(0.8460),108.06,5.84,0.45,89,1.0,1.5,47
1047,47,tensor(0.9346),112.77,5.78,0.41,83,1.0,1.5,48
1048,48,tensor(0.9203),104.47,5.8,0.55,87,1.0,1.5,49
1049,49,tensor(0.8845),113.85,5.74,0.53,81,1.0,1.5,50
1050,50,tensor(1.0101),104.52,5.79,0.36,89,1.0,1.5,51
1051,51,tensor(0.9303),106.72,5.82,0.28,85,1.0,1.5,52
1052,52,tensor(0.9381),107.57,5.82,0.3,88,1.0,1.5,53
1053,53,tensor(1.1681),106.33,5.82,0.34,89,1.0,1.5,54
1054,54,tensor(0.6367),113.93,5.78,0.4,86,1.0,1.5,55
1055,55,tensor(0.9689),101.42,5.89,0.38,93,1.0,1.5,56
1056,56,tensor(0.7710),103.12,5.87,0.45,91,1.0,1.5,57
1057,57,tensor(0.8447),98.29,5.85,0.53,91,1.0,1.5,58
1058,58,tensor(0.8146),103.69,5.87,0.45,92,1.0,1.5,59
1059,59,tensor(0.7382),99.22,5.87,0.42,92,1.0,1.5,60
1060,60,tensor(0.8048),124.32,5.62,0.55,76,1.0,1.5,61
1061,61,tensor(0.9686),105.19,5.83,0.53,89,1.0,1.5,62
1062,62,tensor(0.9054),113.59,5.79,0.52,88,1.0,1.5,63
1063,63,tensor(0.8483),122.56,5.77,0.42,82,1.0,1.5,64
1064,64,tensor(0.7393),108.91,5.78,0.53,87,1.0,1.5,65
1065,65,tensor(0.8700),105.98,5.93,0.48,95,1.0,1.5,66
1066,66,tensor(0.7050),114.33,5.81,0.35,86,1.0,1.5,67
1067,67,tensor(0.8927),111.24,5.79,0.55,88,1.0,1.5,68
1068,68,tensor(0.7969),108.95,5.73,0.59,87,1.0,1.5,69
1069,69,tensor(1.0180),108.74,5.76,0.41,84,1.0,1.5,70
1070,70,tensor(0.8622),112.27,5.7,0.58,83,1.0,1.5,71
1071,71,tensor(0.9425),106.2,5.9,0.49,91,1.0,1.5,72
1072,72,tensor(0.8116),109.08,5.8,0.61,85,1.0,1.5,73
1073,73,tensor(0.9722),111.13,5.84,0.52,86,1.0,1.5,74
1074,74,tensor(0.8771),109.21,5.75,0.45,84,1.0,1.5,75
1075,75,tensor(0.8899),106.55,5.91,0.38,92,1.0,1.5,76
1076,76,tensor(0.8024),117.94,5.72,0.52,78,1.0,1.5,77
1077,77,tensor(0.7941),102.91,5.92,0.34,93,1.0,1.5,78
1078,78,tensor(0.8589),102.48,5.82,0.39,90,1.0,1.5,79
1079,79,tensor(0.9373),102.12,5.88,0.29,93,1.0,1.5,80
1080,80,tensor(0.9634),111.78,5.73,0.35,85,1.0,1.5,81
1081,81,tensor(0.9690),109.76,5.67,0.44,77,1.0,1.5,82
1082,82,tensor(1.0897),122.46,5.69,0.42,80,1.0,1.5,83
1083,83,tensor(0.8842),110.67,5.76,0.44,83,1.0,1.5,84
1084,84,tensor(0.8034),107.41,5.8,0.31,87,1.0,1.5,85
1085,85,tensor(0.8326),124.22,5.63,0.41,74,1.0,1.5,86
1086,86,tensor(0.8062),109.23,5.76,0.36,82,1.0,1.5,87
1087,87,tensor(0.6619),113.27,5.78,0.5,84,1.0,1.5,88
1088,88,tensor(1.3229),119.45,5.62,0.31,77,1.0,1.5,89
1089,89,tensor(0.9281),121.25,5.78,0.64,84,1.0,1.5,90
1090,90,tensor(0.8614),95.78,5.88,0.43,90,1.0,1.5,91
1091,91,tensor(0.9380),100.69,5.88,0.28,91,1.0,1.5,92
1092,92,tensor(1.0199),99.2,5.92,0.35,93,1.0,1.5,93
1093,93,tensor(0.7756),105.45,5.87,0.42,89,1.0,1.5,94
1094,94,tensor(0.8242),111.37,5.79,0.49,85,1.0,1.5,95
1095,95,tensor(0.7681),105.2,5.83,0.37,88,1.0,1.5,96
1096,96,tensor(0.9039),102.02,5.85,0.34,90,1.0,1.5,97
1097,97,tensor(0.8273),108.9,5.84,0.42,86,1.0,1.5,98
1098,98,tensor(0.9161),103.12,5.83,0.4,87,1.0,1.5,99
1099,99,tensor(0.6868),104.44,5.86,0.4,91,1.0,1.5,100
1100,0,tensor(0.2773),200.0,0.32,0.6,0,1.0,2.0,1
1101,1,tensor(0.4666),200.0,0.25,0.54,0,1.0,2.0,2
1102,2,tensor(0.5624),200.0,0.53,0.16,0,1.0,2.0,3
1103,3,tensor(0.7949),200.0,1.54,0.61,0,1.0,2.0,4
1104,4,tensor(0.7219),200.0,1.06,0.73,0,1.0,2.0,5
1105,5,tensor(0.9543),196.97,2.12,1.06,3,1.0,2.0,6
1106,6,tensor(0.6744),199.41,2.3,0.75,2,1.0,2.0,7
1107,7,tensor(0.8102),197.68,2.52,0.86,4,1.0,2.0,8
1108,8,tensor(0.6406),199.68,2.18,0.49,1,1.0,2.0,9
1109,9,tensor(0.8533),198.14,2.76,0.47,3,1.0,2.0,10
1110,10,tensor(0.9881),197.42,3.1,0.73,4,1.0,2.0,11
1111,11,tensor(0.6303),191.29,3.58,0.99,12,1.0,2.0,12
1112,12,tensor(1.1139),184.48,4.22,0.83,23,1.0,2.0,13
1113,13,tensor(0.9338),187.28,4.1,1.24,22,1.0,2.0,14
1114,14,tensor(0.9468),187.56,4.04,0.87,16,1.0,2.0,15
1115,15,tensor(1.1653),185.06,4.17,1.04,21,1.0,2.0,16
1116,16,tensor(0.4863),179.85,4.29,0.81,27,1.0,2.0,17
1117,17,tensor(0.5396),187.09,4.16,1.05,21,1.0,2.0,18
1118,18,tensor(1.0848),175.26,4.37,0.84,30,1.0,2.0,19
1119,19,tensor(0.9690),185.1,4.25,0.82,22,1.0,2.0,20
1120,20,tensor(0.5267),175.99,4.37,0.85,25,1.0,2.0,21
1121,21,tensor(0.7979),181.54,4.3,0.93,23,1.0,2.0,22
1122,22,tensor(0.8278),179.13,4.58,0.94,29,1.0,2.0,23
1123,23,tensor(1.0084),177.79,4.54,0.94,32,1.0,2.0,24
1124,24,tensor(0.9275),162.36,4.89,0.87,44,1.0,2.0,25
1125,25,tensor(0.8689),152.21,5.21,0.58,56,1.0,2.0,26
1126,26,tensor(1.1829),151.99,5.13,0.48,53,1.0,2.0,27
1127,27,tensor(0.8019),160.38,4.96,0.73,49,1.0,2.0,28
1128,28,tensor(1.0808),156.07,4.97,0.65,50,1.0,2.0,29
1129,29,tensor(0.8727),154.25,5.24,0.62,54,1.0,2.0,30
1130,30,tensor(1.0409),154.28,5.05,0.54,53,1.0,2.0,31
1131,31,tensor(1.2403),128.0,5.45,0.52,73,1.0,2.0,32
1132,32,tensor(1.0867),127.89,5.58,0.49,73,1.0,2.0,33
1133,33,tensor(1.1532),128.14,5.7,0.45,78,1.0,2.0,34
1134,34,tensor(1.0224),131.59,5.42,0.39,69,1.0,2.0,35
1135,35,tensor(1.1808),122.44,5.69,0.3,80,1.0,2.0,36
1136,36,tensor(1.2031),126.42,5.52,0.21,71,1.0,2.0,37
1137,37,tensor(1.1699),134.69,5.52,0.22,69,1.0,2.0,38
1138,38,tensor(1.0245),122.65,5.73,0.18,82,1.0,2.0,39
1139,39,tensor(0.9480),125.2,5.66,0.27,78,1.0,2.0,40
1140,40,tensor(0.9537),116.16,5.73,0.32,84,1.0,2.0,41
1141,41,tensor(1.0788),127.11,5.57,0.34,78,1.0,2.0,42
1142,42,tensor(1.7031),117.7,5.8,0.46,85,1.0,2.0,43
1143,43,tensor(1.2828),116.28,5.76,0.38,83,1.0,2.0,44
1144,44,tensor(1.0677),122.58,5.6,0.56,76,1.0,2.0,45
1145,45,tensor(1.0852),119.55,5.75,0.45,86,1.0,2.0,46
1146,46,tensor(1.0203),123.88,5.72,0.6,83,1.0,2.0,47
1147,47,tensor(0.9349),120.71,5.72,0.42,80,1.0,2.0,48
1148,48,tensor(1.0230),110.21,5.76,0.4,86,1.0,2.0,49
1149,49,tensor(1.0421),111.63,5.75,0.39,87,1.0,2.0,50
1150,50,tensor(0.9458),116.47,5.81,0.47,85,1.0,2.0,51
1151,51,tensor(1.2831),110.15,5.78,0.4,86,1.0,2.0,52
1152,52,tensor(1.3643),120.41,5.77,0.45,84,1.0,2.0,53
1153,53,tensor(1.2175),110.52,5.81,0.3,85,1.0,2.0,54
1154,54,tensor(1.1510),112.4,5.86,0.32,90,1.0,2.0,55
1155,55,tensor(1.3526),107.66,5.94,0.31,94,1.0,2.0,56
1156,56,tensor(1.1685),107.42,5.84,0.24,89,1.0,2.0,57
1157,57,tensor(1.1515),118.7,5.75,0.46,83,1.0,2.0,58
1158,58,tensor(1.2184),106.55,5.68,0.34,84,1.0,2.0,59
1159,59,tensor(1.3418),115.56,5.76,0.36,85,1.0,2.0,60
1160,60,tensor(1.1176),115.93,5.68,0.16,79,1.0,2.0,61
1161,61,tensor(0.9468),121.32,5.71,0.25,80,1.0,2.0,62
1162,62,tensor(1.5113),111.4,5.78,0.37,86,1.0,2.0,63
1163,63,tensor(1.3308),113.9,5.76,0.3,82,1.0,2.0,64
1164,64,tensor(1.4610),120.26,5.74,0.32,83,1.0,2.0,65
1165,65,tensor(1.2605),110.21,5.77,0.28,87,1.0,2.0,66
1166,66,tensor(1.5173),113.06,5.71,0.27,85,1.0,2.0,67
1167,67,tensor(1.3327),115.46,5.87,0.26,88,1.0,2.0,68
1168,68,tensor(1.2719),107.26,5.84,0.18,90,1.0,2.0,69
1169,69,tensor(0.8905),108.84,5.82,0.27,87,1.0,2.0,70
1170,70,tensor(1.1576),117.53,5.77,0.26,87,1.0,2.0,71
1171,71,tensor(0.9725),104.05,5.88,0.27,90,1.0,2.0,72
1172,72,tensor(1.1178),109.43,5.76,0.28,86,1.0,2.0,73
1173,73,tensor(1.3887),106.59,5.87,0.29,88,1.0,2.0,74
1174,74,tensor(1.2033),103.67,5.82,0.33,89,1.0,2.0,75
1175,75,tensor(1.0367),106.96,5.78,0.17,86,1.0,2.0,76
1176,76,tensor(0.9133),106.57,5.87,0.25,93,1.0,2.0,77
1177,77,tensor(1.0916),106.96,5.89,0.25,91,1.0,2.0,78
1178,78,tensor(1.1416),105.38,5.86,0.27,90,1.0,2.0,79
1179,79,tensor(1.2305),109.54,5.77,0.29,87,1.0,2.0,80
1180,80,tensor(1.1070),112.94,5.73,0.33,81,1.0,2.0,81
1181,81,tensor(1.1136),116.73,5.73,0.32,85,1.0,2.0,82
1182,82,tensor(1.2471),102.24,5.92,0.3,93,1.0,2.0,83
1183,83,tensor(1.2203),112.62,5.8,0.32,91,1.0,2.0,84
1184,84,tensor(1.3035),104.88,5.84,0.37,90,1.0,2.0,85
1185,85,tensor(1.0915),109.96,5.8,0.38,85,1.0,2.0,86
1186,86,tensor(1.3048),109.42,5.83,0.3,87,1.0,2.0,87
1187,87,tensor(1.2844),110.74,5.79,0.4,87,1.0,2.0,88
1188,88,tensor(1.1743),120.84,5.76,0.34,82,1.0,2.0,89
1189,89,tensor(1.2128),114.4,5.8,0.33,88,1.0,2.0,90
1190,90,tensor(1.0847),121.62,5.79,0.38,86,1.0,2.0,91
1191,91,tensor(1.2613),108.04,5.81,0.39,90,1.0,2.0,92
1192,92,tensor(1.3028),117.44,5.77,0.48,87,1.0,2.0,93
1193,93,tensor(1.1418),111.95,5.77,0.41,85,1.0,2.0,94
1194,94,tensor(1.0651),105.69,5.9,0.23,93,1.0,2.0,95
1195,95,tensor(1.5340),112.76,5.72,0.35,81,1.0,2.0,96
1196,96,tensor(0.9369),112.23,5.84,0.31,89,1.0,2.0,97
1197,97,tensor(1.1722),119.05,5.72,0.49,80,1.0,2.0,98
1198,98,tensor(1.2790),125.79,5.53,0.3,76,1.0,2.0,99
1199,99,tensor(1.1927),114.32,5.82,0.37,88,1.0,2.0,100
1200,0,tensor(0.5339),200.0,0.27,0.64,0,1.0,2.5,1
1201,1,tensor(1.2025),200.0,0.7,0.07,0,1.0,2.5,2
1202,2,tensor(0.4450),200.0,0.29,0.63,0,1.0,2.5,3
1203,3,tensor(0.6048),200.0,0.99,0.88,0,1.0,2.5,4
1204,4,tensor(0.8727),200.0,0.31,0.56,0,1.0,2.5,5
1205,5,tensor(0.5916),199.72,1.62,0.84,1,1.0,2.5,6
1206,6,tensor(1.9914),194.54,3.17,1.72,10,1.0,2.5,7
1207,7,tensor(1.5913),199.02,2.62,1.18,2,1.0,2.5,8
1208,8,tensor(2.4499),197.01,3.27,0.99,8,1.0,2.5,9
1209,9,tensor(0.7193),188.28,4.06,0.94,20,1.0,2.5,10
1210,10,tensor(0.7273),186.4,4.09,1.24,19,1.0,2.5,11
1211,11,tensor(1.5768),180.05,4.45,0.82,29,1.0,2.5,12
1212,12,tensor(2.2367),193.12,3.94,0.88,13,1.0,2.5,13
1213,13,tensor(0.6788),177.09,4.5,0.91,31,1.0,2.5,14
1214,14,tensor(1.1420),179.09,4.35,0.54,23,1.0,2.5,15
1215,15,tensor(1.6581),177.94,4.54,0.51,28,1.0,2.5,16
1216,16,tensor(1.0950),166.53,4.81,0.54,42,1.0,2.5,17
1217,17,tensor(1.0628),166.26,4.7,0.31,40,1.0,2.5,18
1218,18,tensor(1.1607),172.75,4.78,0.61,35,1.0,2.5,19
1219,19,tensor(1.3818),165.38,4.78,0.26,36,1.0,2.5,20
1220,20,tensor(1.6760),166.06,4.91,0.3,45,1.0,2.5,21
1221,21,tensor(1.0037),166.3,4.97,0.28,42,1.0,2.5,22
1222,22,tensor(1.1146),154.88,5.14,0.13,54,1.0,2.5,23
1223,23,tensor(2.1259),162.14,4.99,0.31,47,1.0,2.5,24
1224,24,tensor(1.0444),150.47,5.25,0.31,57,1.0,2.5,25
1225,25,tensor(1.0948),162.55,4.91,0.3,44,1.0,2.5,26
1226,26,tensor(1.4690),138.97,5.52,0.36,71,1.0,2.5,27
1227,27,tensor(2.0027),136.4,5.54,0.37,68,1.0,2.5,28
1228,28,tensor(2.0199),149.74,5.2,0.48,57,1.0,2.5,29
1229,29,tensor(1.8760),156.54,5.09,0.36,48,1.0,2.5,30
1230,30,tensor(1.3792),153.27,5.2,0.29,53,1.0,2.5,31
1231,31,tensor(1.5950),134.4,5.68,0.33,80,1.0,2.5,32
1232,32,tensor(1.2790),133.38,5.49,0.28,71,1.0,2.5,33
1233,33,tensor(1.7081),132.18,5.48,0.27,72,1.0,2.5,34
1234,34,tensor(2.2836),139.93,5.55,0.36,74,1.0,2.5,35
1235,35,tensor(1.1172),146.59,5.35,0.33,65,1.0,2.5,36
1236,36,tensor(1.8389),131.68,5.66,0.29,79,1.0,2.5,37
1237,37,tensor(1.7968),126.18,5.64,0.4,79,1.0,2.5,38
1238,38,tensor(1.5421),135.98,5.43,0.38,66,1.0,2.5,39
1239,39,tensor(1.8014),129.53,5.63,0.55,78,1.0,2.5,40
1240,40,tensor(1.4011),139.18,5.57,0.36,71,1.0,2.5,41
1241,41,tensor(1.6794),127.1,5.64,0.31,75,1.0,2.5,42
1242,42,tensor(1.3614),134.74,5.49,0.32,73,1.0,2.5,43
1243,43,tensor(1.6097),123.24,5.75,0.31,86,1.0,2.5,44
1244,44,tensor(1.6421),127.6,5.68,0.19,81,1.0,2.5,45
1245,45,tensor(1.7413),149.85,5.26,0.36,59,1.0,2.5,46
1246,46,tensor(1.0967),137.27,5.58,0.25,70,1.0,2.5,47
1247,47,tensor(1.2594),132.38,5.61,0.36,74,1.0,2.5,48
1248,48,tensor(1.3117),136.77,5.44,0.37,68,1.0,2.5,49
1249,49,tensor(2.1333),127.57,5.66,0.33,80,1.0,2.5,50
1250,50,tensor(1.6050),135.73,5.55,0.42,77,1.0,2.5,51
1251,51,tensor(1.3767),126.54,5.7,0.26,80,1.0,2.5,52
1252,52,tensor(1.0747),127.1,5.62,0.28,80,1.0,2.5,53
1253,53,tensor(1.0164),119.82,5.77,0.26,85,1.0,2.5,54
1254,54,tensor(1.6067),118.28,5.68,0.3,81,1.0,2.5,55
1255,55,tensor(1.6921),130.08,5.67,0.3,79,1.0,2.5,56
1256,56,tensor(1.8556),119.93,5.8,0.43,87,1.0,2.5,57
1257,57,tensor(1.4890),126.28,5.74,0.34,82,1.0,2.5,58
1258,58,tensor(1.6321),135.4,5.52,0.28,69,1.0,2.5,59
1259,59,tensor(1.2594),130.2,5.65,0.33,75,1.0,2.5,60
1260,60,tensor(1.6135),131.83,5.69,0.31,79,1.0,2.5,61
1261,61,tensor(1.4429),129.31,5.63,0.32,76,1.0,2.5,62
1262,62,tensor(1.3955),117.12,5.74,0.38,85,1.0,2.5,63
1263,63,tensor(1.9015),127.14,5.66,0.29,76,1.0,2.5,64
1264,64,tensor(1.9956),126.24,5.66,0.23,81,1.0,2.5,65
1265,65,tensor(1.3221),129.64,5.51,0.29,70,1.0,2.5,66
1266,66,tensor(1.7843),120.85,5.64,0.19,80,1.0,2.5,67
1267,67,tensor(1.6950),122.97,5.68,0.15,78,1.0,2.5,68
1268,68,tensor(1.5539),130.63,5.71,0.33,77,1.0,2.5,69
1269,69,tensor(1.5315),121.59,5.75,0.22,84,1.0,2.5,70
1270,70,tensor(1.6742),120.14,5.7,0.31,83,1.0,2.5,71
1271,71,tensor(1.7345),113.78,5.87,0.14,91,1.0,2.5,72
1272,72,tensor(1.6590),133.42,5.58,0.2,71,1.0,2.5,73
1273,73,tensor(1.5370),132.06,5.59,0.3,74,1.0,2.5,74
1274,74,tensor(1.7253),116.96,5.84,0.23,86,1.0,2.5,75
1275,75,tensor(1.3328),123.27,5.81,0.28,86,1.0,2.5,76
1276,76,tensor(2.2297),117.84,5.8,0.24,86,1.0,2.5,77
1277,77,tensor(1.1882),111.41,5.88,0.27,91,1.0,2.5,78
1278,78,tensor(1.8503),113.48,5.9,0.22,94,1.0,2.5,79
1279,79,tensor(1.8920),118.15,5.75,0.23,83,1.0,2.5,80
1280,80,tensor(1.8138),126.26,5.71,0.24,81,1.0,2.5,81
1281,81,tensor(1.6482),115.75,5.78,0.19,87,1.0,2.5,82
1282,82,tensor(1.3968),121.3,5.69,0.27,79,1.0,2.5,83
1283,83,tensor(1.8976),120.83,5.7,0.17,83,1.0,2.5,84
1284,84,tensor(2.1603),116.54,5.75,0.27,81,1.0,2.5,85
1285,85,tensor(1.6003),115.94,5.87,0.25,90,1.0,2.5,86
1286,86,tensor(1.5276),122.59,5.65,0.28,81,1.0,2.5,87
1287,87,tensor(1.1919),122.39,5.67,0.27,79,1.0,2.5,88
1288,88,tensor(2.1563),130.1,5.67,0.24,80,1.0,2.5,89
1289,89,tensor(1.6069),125.85,5.64,0.18,78,1.0,2.5,90
1290,90,tensor(2.1060),131.72,5.68,0.26,79,1.0,2.5,91
1291,91,tensor(1.8227),113.78,5.73,0.34,81,1.0,2.5,92
1292,92,tensor(1.5069),117.32,5.79,0.23,84,1.0,2.5,93
1293,93,tensor(1.8329),120.76,5.78,0.3,86,1.0,2.5,94
1294,94,tensor(2.0920),120.05,5.71,0.31,88,1.0,2.5,95
1295,95,tensor(1.5205),113.42,5.85,0.24,88,1.0,2.5,96
1296,96,tensor(1.4162),116.84,5.8,0.32,85,1.0,2.5,97
1297,97,tensor(1.7225),123.13,5.77,0.22,84,1.0,2.5,98
1298,98,tensor(2.2911),126.57,5.51,0.21,71,1.0,2.5,99
1299,99,tensor(1.8513),126.1,5.65,0.18,79,1.0,2.5,100
1300,0,tensor(0.7010),200.0,0.33,0.66,0,1.0,3.0,1
1301,1,tensor(2.7455),200.0,0.34,0.65,0,1.0,3.0,2
1302,2,tensor(0.7266),200.0,0.32,0.69,0,1.0,3.0,3
1303,3,tensor(1.4275),200.0,0.29,0.6,0,1.0,3.0,4
1304,4,tensor(0.8541),200.0,0.35,0.57,0,1.0,3.0,5
1305,5,tensor(1.8800),200.0,0.26,0.45,0,1.0,3.0,6
1306,6,tensor(0.9778),200.0,1.49,0.89,0,1.0,3.0,7
1307,7,tensor(0.5669),200.0,1.5,2.76,0,1.0,3.0,8
1308,8,tensor(0.7178),200.0,1.73,1.75,0,1.0,3.0,9
1309,9,tensor(2.0674),198.35,2.61,2.32,3,1.0,3.0,10
1310,10,tensor(1.8435),198.51,2.81,2.69,2,1.0,3.0,11
1311,11,tensor(0.8205),191.62,3.1,2.11,10,1.0,3.0,12
1312,12,tensor(0.9051),191.97,3.63,1.6,9,1.0,3.0,13
1313,13,tensor(0.9267),194.13,3.05,1.99,9,1.0,3.0,14
1314,14,tensor(1.7895),189.78,3.71,1.57,16,1.0,3.0,15
1315,15,tensor(1.0514),191.24,3.47,0.35,10,1.0,3.0,16
1316,16,tensor(1.6002),191.4,3.12,1.73,10,1.0,3.0,17
1317,17,tensor(1.5448),187.3,4.06,0.32,18,1.0,3.0,18
1318,18,tensor(1.0043),169.24,4.76,0.32,42,1.0,3.0,19
1319,19,tensor(2.3836),170.54,4.74,0.13,36,1.0,3.0,20
1320,20,tensor(1.2319),163.78,4.88,0.17,39,1.0,3.0,21
1321,21,tensor(1.7553),156.0,4.9,0.17,48,1.0,3.0,22
1322,22,tensor(1.4950),141.27,5.48,0.22,73,1.0,3.0,23
1323,23,tensor(2.1628),144.1,5.23,0.21,60,1.0,3.0,24
1324,24,tensor(2.0136),136.94,5.44,0.19,70,1.0,3.0,25
1325,25,tensor(2.3270),133.12,5.58,0.24,74,1.0,3.0,26
1326,26,tensor(1.5969),141.71,5.5,0.29,69,1.0,3.0,27
1327,27,tensor(1.2090),126.34,5.62,0.28,79,1.0,3.0,28
1328,28,tensor(1.9283),127.75,5.83,0.26,88,1.0,3.0,29
1329,29,tensor(2.2389),134.96,5.57,0.32,74,1.0,3.0,30
1330,30,tensor(3.0421),131.36,5.55,0.31,70,1.0,3.0,31
1331,31,tensor(2.0375),142.54,5.63,0.34,76,1.0,3.0,32
1332,32,tensor(1.6264),135.17,5.66,0.29,85,1.0,3.0,33
1333,33,tensor(1.9452),132.18,5.64,0.42,79,1.0,3.0,34
1334,34,tensor(1.9580),120.16,5.75,0.24,85,1.0,3.0,35
1335,35,tensor(1.9224),136.86,5.58,0.27,73,1.0,3.0,36
1336,36,tensor(2.2758),136.71,5.3,0.29,64,1.0,3.0,37
1337,37,tensor(1.8387),142.35,5.41,0.22,65,1.0,3.0,38
1338,38,tensor(2.5494),147.61,5.29,0.34,59,1.0,3.0,39
1339,39,tensor(1.9333),140.28,5.56,0.29,73,1.0,3.0,40
1340,40,tensor(1.8672),127.37,5.53,0.23,74,1.0,3.0,41
1341,41,tensor(3.0564),107.64,5.93,0.21,94,1.0,3.0,42
1342,42,tensor(2.1915),117.77,5.78,0.28,87,1.0,3.0,43
1343,43,tensor(2.9631),118.01,5.7,0.34,82,1.0,3.0,44
1344,44,tensor(2.4008),126.22,5.74,0.22,83,1.0,3.0,45
1345,45,tensor(2.3776),127.13,5.64,0.22,76,1.0,3.0,46
1346,46,tensor(2.6849),114.06,5.81,0.25,89,1.0,3.0,47
1347,47,tensor(1.9537),122.82,5.79,0.32,81,1.0,3.0,48
1348,48,tensor(1.9955),119.81,5.74,0.2,84,1.0,3.0,49
1349,49,tensor(2.3308),112.48,5.84,0.23,91,1.0,3.0,50
1350,50,tensor(2.3258),112.74,5.74,0.29,85,1.0,3.0,51
1351,51,tensor(1.9942),117.66,5.8,0.16,83,1.0,3.0,52
1352,52,tensor(2.0026),136.43,5.66,0.2,77,1.0,3.0,53
1353,53,tensor(2.3988),125.27,5.8,0.2,85,1.0,3.0,54
1354,54,tensor(2.5112),123.68,5.68,0.19,81,1.0,3.0,55
1355,55,tensor(2.7433),126.79,5.7,0.28,78,1.0,3.0,56
1356,56,tensor(1.7954),125.39,5.66,0.24,81,1.0,3.0,57
1357,57,tensor(2.2266),126.42,5.66,0.21,79,1.0,3.0,58
1358,58,tensor(2.3938),119.52,5.71,0.21,81,1.0,3.0,59
1359,59,tensor(2.1485),126.37,5.68,0.15,82,1.0,3.0,60
1360,60,tensor(2.0038),131.78,5.61,0.23,74,1.0,3.0,61
1361,61,tensor(2.2940),121.4,5.69,0.19,82,1.0,3.0,62
1362,62,tensor(1.2211),125.42,5.64,0.42,78,1.0,3.0,63
1363,63,tensor(2.2783),129.31,5.76,0.35,82,1.0,3.0,64
1364,64,tensor(1.9746),123.48,5.75,0.22,83,1.0,3.0,65
1365,65,tensor(2.2608),123.55,5.74,0.22,82,1.0,3.0,66
1366,66,tensor(2.5351),128.87,5.77,0.34,83,1.0,3.0,67
1367,67,tensor(2.2056),121.71,5.7,0.25,83,1.0,3.0,68
1368,68,tensor(2.6519),122.29,5.81,0.25,85,1.0,3.0,69
1369,69,tensor(2.0948),133.19,5.6,0.33,78,1.0,3.0,70
1370,70,tensor(2.0141),116.88,5.66,0.3,82,1.0,3.0,71
1371,71,tensor(2.2281),128.42,5.61,0.22,76,1.0,3.0,72
1372,72,tensor(2.3078),121.75,5.75,0.17,84,1.0,3.0,73
1373,73,tensor(2.3345),133.83,5.62,0.2,79,1.0,3.0,74
1374,74,tensor(1.6000),118.41,5.82,0.23,87,1.0,3.0,75
1375,75,tensor(2.8786),116.97,5.79,0.18,88,1.0,3.0,76
1376,76,tensor(2.9480),123.9,5.68,0.35,81,1.0,3.0,77
1377,77,tensor(1.5721),115.37,5.67,0.22,84,1.0,3.0,78
1378,78,tensor(2.2050),129.4,5.72,0.37,81,1.0,3.0,79
1379,79,tensor(2.5764),129.02,5.74,0.22,82,1.0,3.0,80
1380,80,tensor(2.2909),120.97,5.67,0.21,80,1.0,3.0,81
1381,81,tensor(2.5247),124.43,5.68,0.19,80,1.0,3.0,82
1382,82,tensor(2.3347),137.51,5.35,0.22,68,1.0,3.0,83
1383,83,tensor(2.1465),113.38,5.78,0.18,87,1.0,3.0,84
1384,84,tensor(1.7107),119.43,5.78,0.13,84,1.0,3.0,85
1385,85,tensor(2.7846),122.51,5.68,0.21,84,1.0,3.0,86
1386,86,tensor(1.9827),112.9,5.81,0.26,89,1.0,3.0,87
1387,87,tensor(1.9579),115.54,5.78,0.15,86,1.0,3.0,88
1388,88,tensor(2.5407),124.82,5.66,0.18,76,1.0,3.0,89
1389,89,tensor(1.9620),123.62,5.71,0.19,81,1.0,3.0,90
1390,90,tensor(2.7838),116.99,5.82,0.31,87,1.0,3.0,91
1391,91,tensor(2.3016),114.54,5.78,0.2,84,1.0,3.0,92
1392,92,tensor(1.7569),133.42,5.56,0.21,73,1.0,3.0,93
1393,93,tensor(2.2508),120.66,5.79,0.22,84,1.0,3.0,94
1394,94,tensor(2.3855),129.55,5.64,0.23,77,1.0,3.0,95
1395,95,tensor(2.4723),114.9,5.79,0.16,87,1.0,3.0,96
1396,96,tensor(1.6420),124.39,5.64,0.15,84,1.0,3.0,97
1397,97,tensor(2.1845),121.63,5.79,0.16,88,1.0,3.0,98
1398,98,tensor(2.2115),123.19,5.76,0.24,81,1.0,3.0,99
1399,99,tensor(2.4708),125.45,5.71,0.13,82,1.0,3.0,100
